row_number,commune_name_latin,commune_name_ar,commune_code,wilaya_code,wilaya_name_latin,wilaya_name_ar
01,ADRAR,أدرار,0101,01,ADRAR,أدرار
02,TAMEST,تامست,0102,01,ADRAR,أدرار
03,REGGANE,رقان,0104,01,ADRAR,أدرار
04,IN ZGHMIR,انزجمير,0105,01,ADRAR,أدرار
05,TIT,تيط,0106,01,ADRAR,أدرار
06,TSABIT,تسابيت,0108,01,ADRAR,أدرار
07,ZAOUIET KOUNTA,زاوية كنتة,0111,01,ADRAR,أدرار
08,AOULEF,أولف,0112,01,ADRAR,أدرار
09,TIMEKTEN,تيمقطن,0113,01,ADRAR,أدرار
10,TAMANTIT,تمنطيط,0114,01,ADRAR,أدرار
11,FENOUGHIL,فنوغيل,0115,01,ADRAR,أدرار
12,SALI,سالي,0118,01,ADRAR,أدرار
13,AKABLI,إقبلي,0119,01,ADRAR,أدرار
14,OULED AHMED TIMMI,أولاد أحمد تيمي,0121,01,ADRAR,أدرار
15,BOUDA,بودة,0122,01,ADRAR,أدرار
16,SEBAA,سبع,0126,01,ADRAR,أدرار
17,CHLEF,الشلف,0201,02,CHLEF,الشلف
18,TENES,تنس,0202,02,CHLEF,الشلف
19,BENAIRIA,بنايرية,0203,02,CHLEF,الشلف
20,EL KARIMIA,الكريمية,0204,02,CHLEF,الشلف
21,TADJENA,تاجنة,0205,02,CHLEF,الشلف
22,TAOUGRITE,تاقريت,0206,02,CHLEF,الشلف
23,BENI HAOUA,بني حواء,0207,02,CHLEF,الشلف
24,SOBHA,صبحة,0208,02,CHLEF,الشلف
25,HARCHOUN,حرشون,0209,02,CHLEF,الشلف
26,OULED FARES,أولاد فارس,0210,02,CHLEF,الشلف
27,SIDI AKKACHA,سيدي عكاشة,0211,02,CHLEF,الشلف
28,BOUKADIR,بوقادير,0212,02,CHLEF,الشلف
29,BENI RACHED,بني راشد,0213,02,CHLEF,الشلف
30,TALASSA,تلعصة,0214,02,CHLEF,الشلف
31,HERENFA,الهرنفة,0215,02,CHLEF,الشلف
32,OUED GOUSSINE,وادي قوسين,0216,02,CHLEF,الشلف
33,DAHRA,الظهر,0217,02,CHLEF,الشلف
34,OULED ABBES,أولاد عباس,0218,02,CHLEF,الشلف
35,SENDJAS,السنجاس,0219,02,CHLEF,الشلف
36,ZEBOUDJA,الزبوجة,0220,02,CHLEF,الشلف
37,OUED SLY,وادي سلي,0221,02,CHLEF,الشلف
38,ABOU EL HASSAN,أبو الحسين,0222,02,CHLEF,الشلف
39,EL MARSA,المرسى,0223,02,CHLEF,الشلف
40,CHETTIA,الشطية,0224,02,CHLEF,الشلف
41,SIDI ABDERRAHMANE,سيدي عبد الرحمن,0225,02,CHLEF,الشلف
42,MOUSSADEK,مصدق,0226,02,CHLEF,الشلف
43,EL HADJADJ,الحجاج,0227,02,CHLEF,الشلف
44,LABIOD MEDJADJA,الأبيض مجاجة,0228,02,CHLEF,الشلف
45,OUED FODDA,وادي الفضة,0229,02,CHLEF,الشلف
46,OULED BEN ABDELKADER,أولاد بن عبد القادر,0230,02,CHLEF,الشلف
47,BOUZEGHAIA,بوزغاية,0231,02,CHLEF,الشلف
48,AIN MERANE,عين مران,0232,02,CHLEF,الشلف
49,OUM DROU,أم الدروع,0233,02,CHLEF,الشلف
50,BREIRA,بريرة,0234,02,CHLEF,الشلف
51,BENI BOUATTAB,بني بوعتاب,0235,02,CHLEF,الشلف
52,LAGHOUAT,الأغواط,0301,03,LAGHOUAT,الأغواط
53,KSAR EL HIRANE,قصر الحيران,0302,03,LAGHOUAT,الأغواط
54,BENACER BENCHOHRA,بن ناصر بن شهرة,0303,03,LAGHOUAT,الأغواط
55,SIDI MAKHLOUF,سيدي مخلوف,0304,03,LAGHOUAT,الأغواط
56,HASSI DELAA,حاسي الدلاعة,0305,03,LAGHOUAT,الأغواط
57,HASSI R'MEL,حاسي الرمل,0306,03,LAGHOUAT,الأغواط
58,AIN MAHDI,عين ماضي,0307,03,LAGHOUAT,الأغواط
59,TADJEMOUT,تاجموت,0308,03,LAGHOUAT,الأغواط
60,KHENEG,الخنق,0309,03,LAGHOUAT,الأغواط
61,GUELTAT SIDI SAAD,قتلة سيدي سعيد,0310,03,LAGHOUAT,الأغواط
62,AIN SIDI ALI,عين سهيه علي,0311,03,LAGHOUAT,الأغواط
63,BEIDHA,بيضاء,0312,03,LAGHOUAT,الأغواط
64,BRIDA,بريدة,0313,03,LAGHOUAT,الأغواط
65,EL GHICHA,الغيشة,0314,03,LAGHOUAT,الأغواط
66,HADJ MECHRI,الحاج مشري,0315,03,LAGHOUAT,الأغواط
67,SEBGAG,سبقاق,0316,03,LAGHOUAT,الأغواط
68,TAOUIALA,تاويالة,0317,03,LAGHOUAT,الأغواط
69,TADJROUNA,تاجرونة,0318,03,LAGHOUAT,الأغواط
70,AFLOU,أفلو,0319,03,LAGHOUAT,الأغواط
71,EL ASSAFIA,العسفية,0320,03,LAGHOUAT,الأغواط
72,OUED MORRA,وادي مرة,0321,03,LAGHOUAT,الأغواط
73,OUED M'ZI,وادي مزي,0322,03,LAGHOUAT,الأغواط
74,EL HAOUAITA,الحويطة,0323,03,LAGHOUAT,الأغواط
75,SIDI BOUZID,سيدي بوزيد,0324,03,LAGHOUAT,الأغواط
76,OUM EL BOUAGHI,أم البواقي,0401,04,OUM EL BOUAGHI,أم البواقي
77,AIN BEIDA,عين البيضاء,0402,04,OUM EL BOUAGHI,أم البواقي
78,AIN M'LILA,عين مليلة,0403,04,OUM EL BOUAGHI,أم البواقي
79,BEHIR CHERGUI,بحير الشرقي,0404,04,OUM EL BOUAGHI,أم البواقي
80,EL AMIRIA,العامرية,0405,04,OUM EL BOUAGHI,أم البواقي
81,SIGUS,سيقوس,0406,04,OUM EL BOUAGHI,أم البواقي
82,EL BELALA,البلالة,0407,04,OUM EL BOUAGHI,أم البواقي
83,AIN BABOUCHE,عين بابوش,0408,04,OUM EL BOUAGHI,أم البواقي
84,BERRICHE,بريش,0409,04,OUM EL BOUAGHI,أم البواقي
85,OULED HAMLA,أولاد حملة,0410,04,OUM EL BOUAGHI,أم البواقي
86,DHALA,الضلعة,0411,04,OUM EL BOUAGHI,أم البواقي
87,AIN KERCHA,عين كرشة,0412,04,OUM EL BOUAGHI,أم البواقي
88,HANCHIR TOUMGHANI,هنشير تومغاني,0413,04,OUM EL BOUAGHI,أم البواقي
89,EL DJAZIA,الجازية,0414,04,OUM EL BOUAGHI,أم البواقي
90,AIN DISS,عين الديس,0415,04,OUM EL BOUAGHI,أم البواقي
91,FKIRINA,فكيرينة,0416,04,OUM EL BOUAGHI,أم البواقي
92,SOUK NAAMANE,سوق نعمان,0417,04,OUM EL BOUAGHI,أم البواقي
93,ZORG,الزرق,0418,04,OUM EL BOUAGHI,أم البواقي
94,EL FEDJOUDJ BOUGHRARA SAOUDI,الفجوج بوغرارة سعودي,0419,04,OUM EL BOUAGHI,أم البواقي
95,OULED ZOUAI,أولاد زاوي,0420,04,OUM EL BOUAGHI,أم البواقي
96,BIR CHOUHADA,بئر الشهداء,0421,04,OUM EL BOUAGHI,أم البواقي
97,KSAR SBAHI,قصر الصباحي,0422,04,OUM EL BOUAGHI,أم البواقي
98,OUED NINI,وادي نيني,0423,04,OUM EL BOUAGHI,أم البواقي
99,MESKIANA,مسكيانة,0424,04,OUM EL BOUAGHI,أم البواقي
100,AIN FEKROUNE,عين الفكرون,0425,04,OUM EL BOUAGHI,أم البواقي
101,RAHIA,الراحية,0426,04,OUM EL BOUAGHI,أم البواقي
102,AIN ZITOUN,عين الزيتون,0427,04,OUM EL BOUAGHI,أم البواقي
103,OULED GACEM,أولاد قاسم,0428,04,OUM EL BOUAGHI,أم البواقي
104,EL HARMILIA,الحرملية,0429,04,OUM EL BOUAGHI,أم البواقي
105,BATNA,باتنة,0501,05,BATNA,باتنة
106,GHASSIRA,غسيرة,0502,05,BATNA,باتنة
107,MAAFA,معافة,0503,05,BATNA,باتنة
108,MEROUANA,مروانة,0504,05,BATNA,باتنة
109,SERIANA,سريانة,0505,05,BATNA,باتنة
110,MENAA,منعة,0506,05,BATNA,باتنة
111,EL MADHER,المعذر,0507,05,BATNA,باتنة
112,TAZOULT,تازولت,0508,05,BATNA,باتنة
113,N GAOUS,نقاوس,0509,05,BATNA,باتنة
114,GUIGBA,قيقبة,0510,05,BATNA,باتنة
115,INOUGHISSEN,إينوغيسن,0511,05,BATNA,باتنة
116,OUYOUN EL ASSAFIR,عيون العصافير,0512,05,BATNA,باتنة
117,DJERMA,جرمة,0513,05,BATNA,باتنة
118,BITAM,بيطام,0514,05,BATNA,باتنة
119,AZIL ABEDELKADER,إزيل عبد القادر,0515,05,BATNA,باتنة
120,ARRIS,أريس,0516,05,BATNA,باتنة
121,KIMMEL,كيمل,0517,05,BATNA,باتنة
122,TILATOU,تيلاطو,0518,05,BATNA,باتنة
123,AIN DJASSER,عين جاسر,0519,05,BATNA,باتنة
124,OULED SELLEM,أولاد سالم,0520,05,BATNA,باتنة
125,TIGHARGHAR,تغرغار,0521,05,BATNA,باتنة
126,AIN YAGOUT,عين ياقوت,0522,05,BATNA,باتنة
127,FESDIS,فسديس,0523,05,BATNA,باتنة
128,SEFIANE,سفيان,0524,05,BATNA,باتنة
129,RAHBAT,الرحبات,0525,05,BATNA,باتنة
130,TIGHANIMINE,تغانمين,0526,05,BATNA,باتنة
131,LEMSANE,لمسان,0527,05,BATNA,باتنة
132,KSAR BELLEZMA,قصر بلزمة,0528,05,BATNA,باتنة
133,SEGGANA,سقانة,0529,05,BATNA,باتنة
134,ICHMOUL,أشمول,0530,05,BATNA,باتنة
135,FOUM TOUB,فم الطوب,0531,05,BATNA,باتنة
136,BENI FOUDHALA EL HAKANIA,بني فوظالة الحكانية,0532,05,BATNA,باتنة
137,OUED EL MA,وادي الماء,0533,05,BATNA,باتنة
138,TALKHAMT,تالغمت,0534,05,BATNA,باتنة
139,BOUZINA,بوزينة,0535,05,BATNA,باتنة
140,CHEMORA,شمرة,0536,05,BATNA,باتنة
141,OUED CHAABA,وادي الشعبة,0537,05,BATNA,باتنة
142,TAXLENT,تاكسلانة,0538,05,BATNA,باتنة
143,GOSBAT,القصبات,0539,05,BATNA,باتنة
144,OULED AOUF,أولاد عوف,0540,05,BATNA,باتنة
145,BOUMAGUEUR,بومقر,0541,05,BATNA,باتنة
146,BARIKA,بريكة,0542,05,BATNA,باتنة
147,DJEZZAR,الجزار,0543,05,BATNA,باتنة
148,T KOUT,تكوت,0544,05,BATNA,باتنة
149,AIN TOUTA,عين التوتة,0545,05,BATNA,باتنة
150,HIDOUSSA,حيدوسة,0546,05,BATNA,باتنة
151,TENIET EL ABED,ثنية العابد,0547,05,BATNA,باتنة
152,OUED TAGA,وادي الطاقة,0548,05,BATNA,باتنة
153,OULED FADEL,أولاد فاضل,0549,05,BATNA,باتنة
154,TIMGAD,تيمقاد,0550,05,BATNA,باتنة
155,RAS EL AIOUN,رأس العيون,0551,05,BATNA,باتنة
156,CHIR,شير,0552,05,BATNA,باتنة
157,OULED SI SLIMANE,أولاد سيدي سليمان,0553,05,BATNA,باتنة
158,ZANET EL BEIDA,زانة البيضاء,0554,05,BATNA,باتنة
159,M DOUKAL,مدوكال,0555,05,BATNA,باتنة
160,OULED AMMAR,أولاد عمار,0556,05,BATNA,باتنة
161,EL HASSI,الحاسي,0557,05,BATNA,باتنة
162,LAZROU,لازرو,0558,05,BATNA,باتنة
163,BOUMIA,بومية,0559,05,BATNA,باتنة
164,BOULHILAT,بوالحيلات,0560,05,BATNA,باتنة
165,LARBAA,لرباع,0561,05,BATNA,باتنة
166,BEJAIA,بجاية,0601,06,BEJAIA,بجاية
167,AMIZOUR,أميزور,0602,06,BEJAIA,بجاية
168,FERAOUN,فرعون,0603,06,BEJAIA,بجاية
169,TAOURIT IGHIL,تاوريرت إغيل,0604,06,BEJAIA,بجاية
170,CHELLATA,شلاطة,0605,06,BEJAIA,بجاية
171,TAMOKRA,تامقرة,0606,06,BEJAIA,بجاية
172,TIMEZRIT,تيمزريت,0607,06,BEJAIA,بجاية
173,SOUK EL TENINE,سوق لإثنين,0608,06,BEJAIA,بجاية
174,M'CISNA,مسيسنة,0609,06,BEJAIA,بجاية
175,TINEBDAR,تينبدار,0610,06,BEJAIA,بجاية
176,TICHY,تيشي,0611,06,BEJAIA,بجاية
177,SMAOUN,سمعون,0612,06,BEJAIA,بجاية
178,KENDIRA,كنديرة,0613,06,BEJAIA,بجاية
179,TIFRA,تيفرة,0614,06,BEJAIA,بجاية
180,IGHRAM,إغرم,0615,06,BEJAIA,بجاية
181,AMALOU,أمالو,0616,06,BEJAIA,بجاية
182,IGHIL-ALI,إغيل علي,0617,06,BEJAIA,بجاية
183,FENAIA IL MATEN,فلاين الماثن,0618,06,BEJAIA,بجاية
184,TOUDJA,توجة,0619,06,BEJAIA,بجاية
185,DARGHINA,درقينة,0620,06,BEJAIA,بجاية
186,SIDI AYAD,سيدي عياد,0621,06,BEJAIA,بجاية
187,AOKAS,أوقاس,0622,06,BEJAIA,بجاية
188,BENI DEJLLIL,بني جليل,0623,06,BEJAIA,بجاية
189,ADEKAR,أدكار,0624,06,BEJAIA,بجاية
190,AKBOU,أقبو,0625,06,BEJAIA,بجاية
191,SEDDOUK,صدوق,0626,06,BEJAIA,بجاية
192,TAZMALT,تزمالت,0627,06,BEJAIA,بجاية
193,AIT R'ZINE,أيت رزين,0628,06,BEJAIA,بجاية
194,CHEMINI,شميني,0629,06,BEJAIA,بجاية
195,SOUK OUFELLA,السوق أوفلا,0630,06,BEJAIA,بجاية
196,TASKRIOUT,تاسكريوت,0631,06,BEJAIA,بجاية
197,TIBANE,طيبان,0632,06,BEJAIA,بجاية
198,TALA HAMZA,تالة حمزة,0633,06,BEJAIA,بجاية
199,BARBACHA,برباشة,0634,06,BEJAIA,بجاية
200,BENI K'SILA,بني كسيلة,0635,06,BEJAIA,بجاية
201,OUZELLAGUENE,أوزلاقن,0636,06,BEJAIA,بجاية
202,BOUHAMZA,بوحمزة,0637,06,BEJAIA,بجاية
203,BENI-MALLIKECHE,بني مليكش,0638,06,BEJAIA,بجاية
204,SIDI-AICH,سيدي عيش,0639,06,BEJAIA,بجاية
205,EL KSEUR,القصر,0640,06,BEJAIA,بجاية
206,MELBOU,مالبو,0641,06,BEJAIA,بجاية
207,AKFADOU,أكفادو,0642,06,BEJAIA,بجاية
208,LEFLAYE,لفلاي,0643,06,BEJAIA,بجاية
209,KHERRATA,خراطة,0644,06,BEJAIA,بجاية
210,DRA EL CAID,ذراع القايد,0645,06,BEJAIA,بجاية
211,TAMRIDJET,تامريجت,0646,06,BEJAIA,بجاية
212,AIT-SMAIL,أيت إسماعيل,0647,06,BEJAIA,بجاية
213,BOUKHELIFA,بوخليفة,0648,06,BEJAIA,بجاية
214,TIZI-N'BERBER,تيزي نبربر,0649,06,BEJAIA,بجاية
215,BENIMAOUCHE,بني معوش,0650,06,BEJAIA,بجاية
216,OUED GHIR,وادي غير,0651,06,BEJAIA,بجاية
217,BOUDJELLIL,بو جليل,0652,06,BEJAIA,بجاية
218,BISKRA,بسكرة,0701,07,BISKRA,بسكرة
219,OUMACHE,أوماش,0702,07,BISKRA,بسكرة
220,BRANIS,البرانس,0703,07,BISKRA,بسكرة
221,CHETMA,شتمة,0704,07,BISKRA,بسكرة
222,SIDI OKBA,سيدي عقبة,0711,07,BISKRA,بسكرة
223,M'CHOUNECHE,مشونش,0712,07,BISKRA,بسكرة
224,EL HAOUCH,الحوش,0713,07,BISKRA,بسكرة
225,AIN NAGA,عين الناقة,0714,07,BISKRA,بسكرة
226,ZERIBET EL OUED,زريبة الوادي,0715,07,BISKRA,بسكرة
227,EL FEIDH,الفيض,0716,07,BISKRA,بسكرة
228,EL KANTARA,القنطرة,0717,07,BISKRA,بسكرة
229,AIN ZAATOUT,عين زعطوط,0718,07,BISKRA,بسكرة
230,EL OUTAYA,الوطاية,0719,07,BISKRA,بسكرة
231,DJEMORAH,جمورة,0720,07,BISKRA,بسكرة
232,TOLGA,طولقة,0721,07,BISKRA,بسكرة
233,LIOUA,لواء,0722,07,BISKRA,بسكرة
234,LICHANA,لشانة,0723,07,BISKRA,بسكرة
235,OURLAL,أورلال,0724,07,BISKRA,بسكرة
236,M'LILI,مليلي,0725,07,BISKRA,بسكرة
237,FOUGHALA,فوغالة,0726,07,BISKRA,بسكرة
238,BORDJ BEN AZZOUZ,برج بن عزوز,0727,07,BISKRA,بسكرة
239,MEZIRAA,المزيرعة,0728,07,BISKRA,بسكرة
240,BOUCHAGROUN,بوشقرون,0729,07,BISKRA,بسكرة
241,MEKHADMA,مخادمة,0730,07,BISKRA,بسكرة
242,EL GHROUS,الغروس,0731,07,BISKRA,بسكرة
243,EL HADJAB,الحاجب,0732,07,BISKRA,بسكرة
244,KHENGUET SIDI NADJI,خنقة سيدي ناجي,0733,07,BISKRA,بسكرة
245,BECHAR,بشار,0801,08,BECHAR,بشار
246,ERG FERRADJ,عرق فراج,0802,08,BECHAR,بشار
247,MERIDJA,مريجة,0804,08,BECHAR,بشار
248,LAHMAR,الأحمر,0806,08,BECHAR,بشار
249,MECHRAA H.BOUMEDIENE,مشروع هواري بومدين,0809,08,BECHAR,بشار
250,KENADSA,قنادسة,0810,08,BECHAR,بشار
251,TAGHIT,تاغيت,0813,08,BECHAR,بشار
252,BOUKAIS,بوقايس,0815,08,BECHAR,بشار
253,MOGHEUL,موغل,0816,08,BECHAR,بشار
254,ABADLA,العبادل,0817,08,BECHAR,بشار
255,BENI OUNIF,بني ونيف,0821,08,BECHAR,بشار
256,BLIDA,البليدة,0901,09,BLIDA,البليدة
257,CHEBLI,الشبلي,0902,09,BLIDA,البليدة
258,BOUINAN,بوعينان,0903,09,BLIDA,البليدة
259,OUED EL ALLEUG,وادي العلايق,0904,09,BLIDA,البليدة
260,OULED YAICH,أولاد يعيش,0905,09,BLIDA,البليدة
261,CHREA,الشريعة,0906,09,BLIDA,البليدة
262,EL-AFFROUN,العفرون,0907,09,BLIDA,البليدة
263,CHIFFA,الشفة,0908,09,BLIDA,البليدة
264,HAMMAM MELOUANE,حمام ملوان,0909,09,BLIDA,البليدة
265,BENKHELIL,بن خليل,0910,09,BLIDA,البليدة
266,SOUMA,الصومعة,0911,09,BLIDA,البليدة
267,MOUZAIA,موزاية,0912,09,BLIDA,البليدة
268,SOUHANE,سوحان,0913,09,BLIDA,البليدة
269,MEFTAH,مفتاح,0914,09,BLIDA,البليدة
270,OULED SLAMA,اولاد سلامة,0915,09,BLIDA,البليدة
271,BOUFARIK,بوفاريك,0916,09,BLIDA,البليدة
272,LARBAA,الأربعاء,0917,09,BLIDA,البليدة
273,OUED DJER,وادي جر,0918,09,BLIDA,البليدة
274,BENI-TAMOU,بني تامو,0919,09,BLIDA,البليدة
275,BOUARFA,بوعرفة,0920,09,BLIDA,البليدة
276,BENI MERED,بني مراد,0921,09,BLIDA,البليدة
277,BOUGARA,بوقرة,0922,09,BLIDA,البليدة
278,GUERROUAOU,قرواو,0923,09,BLIDA,البليدة
279,AIN ROMANA,عين الرمانة,0924,09,BLIDA,البليدة
280,DJEBABRA,جبابرة,0925,09,BLIDA,البليدة
281,BOUIRA,البويرة,01001,10,BOUIRA,البويرة
282,EL ASNAM,الأسنام,01002,10,BOUIRA,البويرة
283,GUERROUMA,قرومة,01003,10,BOUIRA,البويرة
284,SOUK EL KHEMIS,سوق الخميس,01004,10,BOUIRA,البويرة
285,KADIRIA,القادرية,01005,10,BOUIRA,البويرة
286,HANIF,حنيف,01006,10,BOUIRA,البويرة
287,DIRAH,ديرة,01007,10,BOUIRA,البويرة
288,AIT LAAZIZ,أيت لعزيز,01008,10,BOUIRA,البويرة
289,TAGHZOUT,تاغزوت,01009,10,BOUIRA,البويرة
290,RAOURAOUA,روراوة,01010,10,BOUIRA,البويرة
291,MEZDOUR,مزدور,01011,10,BOUIRA,البويرة
292,HAIZER,الحيزر,01012,10,BOUIRA,البويرة
293,LAKHDARIA,الأخضرية,01013,10,BOUIRA,البويرة
294,MAALA,معلة,01014,10,BOUIRA,البويرة
295,EL HACHIMIA,الهاشمية,01015,10,BOUIRA,البويرة
296,AOMAR,أعمر,01016,10,BOUIRA,البويرة
297,CHORFA,الشرفاء,01017,10,BOUIRA,البويرة
298,BORDJ OKHRISS,برج أوخريص,01018,10,BOUIRA,البويرة
299,EL ADJIBA,العجيبة,01019,10,BOUIRA,البويرة
300,EL-HAKIMIA,الحاكمية,01020,10,BOUIRA,البويرة
301,EL KHABOUZIA,الخبوزية,01021,10,BOUIRA,البويرة
302,AHL EL KSAR,أهل القصر,01022,10,BOUIRA,البويرة
303,BOUDERBALA,بودربالة,01023,10,BOUIRA,البويرة
304,Z'BARBAR,زبربر,01024,10,BOUIRA,البويرة
305,AIN EL HADJAR,عين الحجر,01025,10,BOUIRA,البويرة
306,DJEBAHIA,جباحية,01026,10,BOUIRA,البويرة
307,AGHBALOU,أغبالو,01027,10,BOUIRA,البويرة
308,TAGUEDITE,تاقديت,01028,10,BOUIRA,البويرة
309,AIN TURK,عين الترك,01029,10,BOUIRA,البويرة
310,SAHARIDJ,الصهايج,01030,10,BOUIRA,البويرة
311,DECHMIA,الدشمية,01031,10,BOUIRA,البويرة
312,RIDANE,ريدان,01032,10,BOUIRA,البويرة
313,BECHLOUL,بشلول,01033,10,BOUIRA,البويرة
314,BOUKRAM,بوكرم,01034,10,BOUIRA,البويرة
315,AIN-BESSEM,عين بسام,01035,10,BOUIRA,البويرة
316,BIR GHBALOU,بئر غبالو,01036,10,BOUIRA,البويرة
317,M CHEDALLAH,مشد الله,01037,10,BOUIRA,البويرة
318,SOUR EL GHOZLANE,سور الغزلان,01038,10,BOUIRA,البويرة
319,MAMORA,المعمورة,01039,10,BOUIRA,البويرة
320,OULED RACHED,أولاد راشد,01040,10,BOUIRA,البويرة
321,AIN LALOUI,عين العلوي,01041,10,BOUIRA,البويرة
322,HADJERA ZERGA,الحجرة الزرقاء,01042,10,BOUIRA,البويرة
323,TAOURIRT,تاوريرت,01043,10,BOUIRA,البويرة
324,EL-MOKRANI,المقراني,01044,10,BOUIRA,البويرة
325,OUED EL BERDI,وادي البردي,01045,10,BOUIRA,البويرة
326,TAMANRASSET,تامنغست,01101,11,TAMANRASSET,تمنراست
327,ABALESSA,أبلسا,01102,11,TAMANRASSET,تمنراست
328,IDLES,أدلس,01105,11,TAMANRASSET,تمنراست
329,TAZROUK,تازروك,01106,11,TAMANRASSET,تمنراست
330,AIN AMGUEL,عين امقل,01109,11,TAMANRASSET,تمنراست
331,TEBESSA,تبسة,01201,12,TEBESSA,تبسة
332,BIR-EL-ATER,بئر العاتر,01202,12,TEBESSA,تبسة
333,CHERIA,الشريعة,01203,12,TEBESSA,تبسة
334,STAH GUENTIS,سطح قنطيس,01204,12,TEBESSA,تبسة
335,EL-AOUINET,العوينات,01205,12,TEBESSA,تبسة
336,EL-HOUIDJBET,الحويجبات,01206,12,TEBESSA,تبسة
337,SAF SAF EL OUESRA,صفصاف الوسرة,01207,12,TEBESSA,تبسة
338,HAMMAMET,الحمامات,01208,12,TEBESSA,تبسة
339,NEGRINE,نقرين,01209,12,TEBESSA,تبسة
340,BIR MOKKADEM,بئر المقدم,01210,12,TEBESSA,تبسة
341,EL KOUIF,الكويف,01211,12,TEBESSA,تبسة
342,MORSSOT,مرسط,01212,12,TEBESSA,تبسة
343,EL OGLA,العقلة,01213,12,TEBESSA,تبسة
344,BIR DHEHEB,بئر الذهب,01214,12,TEBESSA,تبسة
345,EL OGLA EL MALHA,العقلة المالحة,01215,12,TEBESSA,تبسة
346,GUORRIGUER,قوريقر,01216,12,TEBESSA,تبسة
347,BEKKARIA,بكارية,01217,12,TEBESSA,تبسة
348,BOUKHADRA,بوخضرة,01218,12,TEBESSA,تبسة
349,OUENZA,الونزة,01219,12,TEBESSA,تبسة
350,EL MALABIOD,الماء الابيض,01220,12,TEBESSA,تبسة
351,OUM ALI,أم علي,01221,12,TEBESSA,تبسة
352,TELIDJEN,ثليجان,01222,12,TEBESSA,تبسة
353,AIN ZERGA,عين الزرقاء,01223,12,TEBESSA,تبسة
354,EL MERIDJ,المريج,01224,12,TEBESSA,تبسة
355,BOULHAF DYR,بولحاف الدين,01225,12,TEBESSA,تبسة
356,BEDJENE,بجن,01226,12,TEBESSA,تبسة
357,EL MEZERAA,المزرعة,01227,12,TEBESSA,تبسة
358,FERKANE,فركان,01228,12,TEBESSA,تبسة
359,TLEMCEN,تلمسان,01301,13,TLEMCEN,تلمسان
360,BENI MESTER,بني مستر,01302,13,TLEMCEN,تلمسان
361,AIN TALLOUT,عين تالوت,01303,13,TLEMCEN,تلمسان
362,REMCHI,الرمشي,01304,13,TLEMCEN,تلمسان
363,EL FEHOUL,الفحول,01305,13,TLEMCEN,تلمسان
364,SABRA,صبرة,01306,13,TLEMCEN,تلمسان
365,GHAZAOUET,الغزوات,01307,13,TLEMCEN,تلمسان
366,SOUANI,السواني,01308,13,TLEMCEN,تلمسان
367,DJEBALA,جبالة,01309,13,TLEMCEN,تلمسان
368,EL GOR,القور,01310,13,TLEMCEN,تلمسان
369,OUED CHOULY,وادي الشولي,01311,13,TLEMCEN,تلمسان
370,AIN FEZZA,عين فزة,01312,13,TLEMCEN,تلمسان
371,OULED MIMOUN,أولاد ميمون,01313,13,TLEMCEN,تلمسان
372,AMIEUR,عمير,01314,13,TLEMCEN,تلمسان
373,AIN YOUCEF,عين يوسف,01315,13,TLEMCEN,تلمسان
374,ZENATA,زناتة,01316,13,TLEMCEN,تلمسان
375,BENI SNOUS,بني سنوس,01317,13,TLEMCEN,تلمسان
376,BAB EL ASSA,باب العسة,01318,13,TLEMCEN,تلمسان
377,DAR YAGHMOURACENE,دار يغمراسن,01319,13,TLEMCEN,تلمسان
378,FELLAOUCENE,فلاوسن,01320,13,TLEMCEN,تلمسان
379,AZAILS,العزايل,01321,13,TLEMCEN,تلمسان
380,SEBBAA CHIOUKH,السبعة شيوخ,01322,13,TLEMCEN,تلمسان
381,TERNY BENI HEDIEL,تيرني بني هديل,01323,13,TLEMCEN,تلمسان
382,BENSEKRANE,إبن سكران,01324,13,TLEMCEN,تلمسان
383,AIN NEHALA,عين نحالة,01325,13,TLEMCEN,تلمسان
384,HENNAYA,الحناية,01326,13,TLEMCEN,تلمسان
385,MAGHNIA,مغنية,01327,13,TLEMCEN,تلمسان
386,HAMMAM BOUGHRARA,حمام بوغرارة,01328,13,TLEMCEN,تلمسان
387,SOUAHLIA,السواحلية,01329,13,TLEMCEN,تلمسان
388,MSIRDA FOUAGA,مسيردة الفواقة,01330,13,TLEMCEN,تلمسان
389,AIN FETTAH,عين فتاح,01331,13,TLEMCEN,تلمسان
390,EL ARICHA,العريشة,01332,13,TLEMCEN,تلمسان
391,SOUK TLETA,سوق الثلاثاء,01333,13,TLEMCEN,تلمسان
392,SIDI ABDELLI,سيدي عبد اللي,01334,13,TLEMCEN,تلمسان
393,SEBDOU,سبدو,01335,13,TLEMCEN,تلمسان
394,BENI OUARSOUS,بني وارسوس,01336,13,TLEMCEN,تلمسان
395,SIDI MEDJAHED,سيدي مجاهد,01337,13,TLEMCEN,تلمسان
396,BENI BOUSSAID,بني بوسعيد,01338,13,TLEMCEN,تلمسان
397,MARSA BEN M'HIDI,مرسى بن مهيدي,01339,13,TLEMCEN,تلمسان
398,NEDROMA,ندرومة,01340,13,TLEMCEN,تلمسان
399,SIDI DJILALI,سيدي الجيلالي,01341,13,TLEMCEN,تلمسان
400,BENI BAHDEL,بني بهدل,01342,13,TLEMCEN,تلمسان
401,BOUIHI,البويهي,01343,13,TLEMCEN,تلمسان
402,HONAINE,حنين,01344,13,TLEMCEN,تلمسان
403,TIANET,تيانت,01345,13,TLEMCEN,تلمسان
404,OULED RIYAH,أولاد رياح,01346,13,TLEMCEN,تلمسان
405,BOUHLOU,بوحلو,01347,13,TLEMCEN,تلمسان
406,BENI KHALED,بني راشد,01348,13,TLEMCEN,تلمسان
407,AIN GHORABA,عين الغرابة,01349,13,TLEMCEN,تلمسان
408,CHETOUANE,شتوان,01350,13,TLEMCEN,تلمسان
409,MANSOURAH,منصورة,01351,13,TLEMCEN,تلمسان
410,BENI SMIEL,بني صميل,01352,13,TLEMCEN,تلمسان
411,AIN KEBIRA,العين الكبيرة,01353,13,TLEMCEN,تلمسان
412,TIARET,تيارت,01401,14,TIARET,تيارت
413,MEDROUSSA,مدروسة,01402,14,TIARET,تيارت
414,AIN BOUCHEKIF,عين بوشقيق,01403,14,TIARET,تيارت
415,SIDI ALI MELLAL,سيدي علي ملال,01404,14,TIARET,تيارت
416,AIN ZARIT,عين زاريت,01405,14,TIARET,تيارت
417,AIN DEHEB,عين الذهب,01406,14,TIARET,تيارت
418,SIDI BAKHTI,سيدي بختي,01407,14,TIARET,تيارت
419,MEDRISSA,مديرسة,01408,14,TIARET,تيارت
420,ZMALET EL EMIR ABDELKADE,زمالة الأمير عبد القادر,01409,14,TIARET,تيارت
421,MADNA,مادنة,01410,14,TIARET,تيارت
422,SEBT,السبت,01411,14,TIARET,تيارت
423,MELLAKOU,ملاكو,01412,14,TIARET,تيارت
424,DAHMOUNI,دحموني,01413,14,TIARET,تيارت
425,RAHOUIA,الرحوية,01414,14,TIARET,تيارت
426,MAHDIA,مهدية,01415,14,TIARET,تيارت
427,SOUGUEUR,السوقر,01416,14,TIARET,تيارت
428,SI ABDELGHANI,سي عبد الغني,01417,14,TIARET,تيارت
429,AIN EL HADID,عين الحديد,01418,14,TIARET,تيارت
430,DJEBILET ROSFA,جبيلة الرصفاء,01419,14,TIARET,تيارت
431,NAIMA,النعيمة,01420,14,TIARET,تيارت
432,MEGHILA,مغيلة,01421,14,TIARET,تيارت
433,GUERTOUFA,قرطوفة,01422,14,TIARET,تيارت
434,SIDI HOSNI,سيدي الحسني,01423,14,TIARET,تيارت
435,DJILLALI BEN AMAR,جيلالي بن عمار,01424,14,TIARET,تيارت
436,SEBAINE,السبعين,01425,14,TIARET,تيارت
437,TOUSNINA,توسنينة,01426,14,TIARET,تيارت
438,FRENDA,فرندة,01427,14,TIARET,تيارت
439,AIN KERMES,عين كرمس,01428,14,TIARET,تيارت
440,KSAR CHELLALA,قصر الشلالة,01429,14,TIARET,تيارت
441,RECHAIGA,الرشايقة,01430,14,TIARET,تيارت
442,NADORAH,الناظورة,01431,14,TIARET,تيارت
443,TAGDEMT,تاقدمت,01432,14,TIARET,تيارت
444,OUED LILLI,وادي ليلي,01433,14,TIARET,تيارت
445,MECHRAA SAFA,مشرع الصفا,01434,14,TIARET,تيارت
446,HAMADIA,حمادية,01435,14,TIARET,تيارت
447,CHEHAIMA,شحيمة,01436,14,TIARET,تيارت
448,TAKHEMARET,تخمرت,01437,14,TIARET,تيارت
449,SIDI ABDERRAHMANE,سيدي عبد الرحمان,01438,14,TIARET,تيارت
450,SERGHINE,سرغين,01439,14,TIARET,تيارت
451,BOUGARA,بوقارة,01440,14,TIARET,تيارت
452,FAIDJA,الفايجة,01441,14,TIARET,تيارت
453,TIDDA,تيدة,01442,14,TIARET,تيارت
454,TIZI-OUZOU,تيزي وزو,01501,15,TIZI OUZOU,تيزي وزو
455,AIN-EL-HAMMAM,عين الحمام,01502,15,TIZI OUZOU,تيزي وزو
456,AKBIL,أقبيل,01503,15,TIZI OUZOU,تيزي وزو
457,FREHA,فريحة,01504,15,TIZI OUZOU,تيزي وزو
458,SOUAMAA,الصوامع,01505,15,TIZI OUZOU,تيزي وزو
459,MECHTRAS,مشطراس,01506,15,TIZI OUZOU,تيزي وزو
460,IRDJEN,أرجن,01507,15,TIZI OUZOU,تيزي وزو
461,TIMIZART,تيميزارت,01508,15,TIZI OUZOU,تيزي وزو
462,MAKOUDA,ماكودة,01509,15,TIZI OUZOU,تيزي وزو
463,DRAA EL MIZAN,ذراع الميزان,01510,15,TIZI OUZOU,تيزي وزو
464,TIZI-GHENIF,تيزي غنيف,01511,15,TIZI OUZOU,تيزي وزو
465,BOUNOUH,بونوح,01512,15,TIZI OUZOU,تيزي وزو
466,AIT-CHAFAA,أيت شفعة,01513,15,TIZI OUZOU,تيزي وزو
467,FRIKAT,فريقات,01514,15,TIZI OUZOU,تيزي وزو
468,BENI AISSI,بني عيسي,01515,15,TIZI OUZOU,تيزي وزو
469,BENI ZMENZER,بني زمنزر,01516,15,TIZI OUZOU,تيزي وزو
470,IFERHOUNENE,ايفرحونن,01517,15,TIZI OUZOU,تيزي وزو
471,AZAZGA,عزازقة,01518,15,TIZI OUZOU,تيزي وزو
472,ILLOULA OUMALOU,ايلولة امالو,01519,15,TIZI OUZOU,تيزي وزو
473,YAKOURENE,يعكورن,01520,15,TIZI OUZOU,تيزي وزو
474,LARBA NATH IRATHEN,الاربعاء نايث ايراثن,01521,15,TIZI OUZOU,تيزي وزو
475,TIZI-RACHED,تيزي راشد,01522,15,TIZI OUZOU,تيزي وزو
476,ZEKRI,زكري,01523,15,TIZI OUZOU,تيزي وزو
477,OUAGUENOUNE,واقنون,01524,15,TIZI OUZOU,تيزي وزو
478,AIN-ZAOUIA,عين الزاوية,01525,15,TIZI OUZOU,تيزي وزو
479,M'KIRA,مكيرة,01526,15,TIZI OUZOU,تيزي وزو
480,AIT-YAHIA,أيت يحي,01527,15,TIZI OUZOU,تيزي وزو
481,AIT-MAHMOUD,أيت محمود,01528,15,TIZI OUZOU,تيزي وزو
482,MAATKAS,المعاتقة,01529,15,TIZI OUZOU,تيزي وزو
483,AIT BOUMEHDI,أيت بومهدي,01530,15,TIZI OUZOU,تيزي وزو
484,ABI YOUCEF,أبي يوسف,01531,15,TIZI OUZOU,تيزي وزو
485,BENI-DOUALA,بني دوالة,01532,15,TIZI OUZOU,تيزي وزو
486,ILLILTEN,اليلتين,01533,15,TIZI OUZOU,تيزي وزو
487,BOUZEGUENE,بوزغن,01534,15,TIZI OUZOU,تيزي وزو
488,AIT AGGOUACHA,أيت قواشة,01535,15,TIZI OUZOU,تيزي وزو
489,OUADHIAS,واضية,01536,15,TIZI OUZOU,تيزي وزو
490,AZEFFOUN,أزفون,01537,15,TIZI OUZOU,تيزي وزو
491,TIGZIRT,تقيزريت,01538,15,TIZI OUZOU,تيزي وزو
492,DJEBEL AISSA MIMOUN,جبل عيسى ميمون,01539,15,TIZI OUZOU,تيزي وزو
493,BOGHNI,بوغني,01540,15,TIZI OUZOU,تيزي وزو
494,IFIGHA,إيفيغاء,01541,15,TIZI OUZOU,تيزي وزو
495,AIT OUMALOU,أيت أومالو,01542,15,TIZI OUZOU,تيزي وزو
496,TIRMITINE,تيرمتين,01543,15,TIZI OUZOU,تيزي وزو
497,AKERROU,أقرو,01544,15,TIZI OUZOU,تيزي وزو
498,YATAFENE,ياطفان,01545,15,TIZI OUZOU,تيزي وزو
499,BENI-ZIKKI,بني زيكي,01546,15,TIZI OUZOU,تيزي وزو
500,DRAA-BEN-KHEDDA,ذراع بن خدة,01547,15,TIZI OUZOU,تيزي وزو
501,OUACIF,واسيف,01548,15,TIZI OUZOU,تيزي وزو
502,IDJEUR,إجر,01549,15,TIZI OUZOU,تيزي وزو
503,MEKLA,مقلة,01550,15,TIZI OUZOU,تيزي وزو
504,TIZI N'TLETA,تيزي نثلاثة,01551,15,TIZI OUZOU,تيزي وزو
505,BENI YENNI,بني يني,01552,15,TIZI OUZOU,تيزي وزو
506,AGHRIBS,أغريب,01553,15,TIZI OUZOU,تيزي وزو
507,IFLISSEN,أفليسن,01554,15,TIZI OUZOU,تيزي وزو
508,BOUDJIMA,بوجيمة,01555,15,TIZI OUZOU,تيزي وزو
509,AIT YAHIA MOUSSA,أيت يحيى,01556,15,TIZI OUZOU,تيزي وزو
510,SOUK-EL-THENINE,سوق الاثنين,01557,15,TIZI OUZOU,تيزي وزو
511,AIT KHELLILI,أيت خليلي,01558,15,TIZI OUZOU,تيزي وزو
512,SIDI NAAMANE,سيدي نعمان,01559,15,TIZI OUZOU,تيزي وزو
513,IBOUDRARENE,أبودرارن,01560,15,TIZI OUZOU,تيزي وزو
514,AGOUNI-GUEGHRANE,أقني قغران,01561,15,TIZI OUZOU,تيزي وزو
515,MIZRANA,مزرانة,01562,15,TIZI OUZOU,تيزي وزو
516,IMSOUHAL,أمسوحال,01563,15,TIZI OUZOU,تيزي وزو
517,TADMAIT,تادمايت,01564,15,TIZI OUZOU,تيزي وزو
518,AIT BOUADDOU,أيت بوعدو,01565,15,TIZI OUZOU,تيزي وزو
519,ASSI YOUCEF,أسي يوسف,01566,15,TIZI OUZOU,تيزي وزو
520,AIT TOUDERT,أيت تودرت,01567,15,TIZI OUZOU,تيزي وزو
521,ALGER CENTRE,الجزائر,01601,16,ALGER,الجزائر
522,SIDI M'HAMED,سيدي امحمد,01602,16,ALGER,الجزائر
523,EL MADANIA,المدنية,01603,16,ALGER,الجزائر
524,MOHAMED BELOUZDAD,محمد بلوزداد,01604,16,ALGER,الجزائر
525,BAB EL OUED,باب الوادي,01605,16,ALGER,الجزائر
526,BOLOGHINE IBNOU ZIRI,بولوغين بن زيري,01606,16,ALGER,الجزائر
527,CASBAH,القصبة,01607,16,ALGER,الجزائر
528,OUED KORICHE,وادي قريش,01608,16,ALGER,الجزائر
529,BIR MOURAD RAIS,بئر مراد رايس,01609,16,ALGER,الجزائر
530,EL BIAR,الأبيار,01610,16,ALGER,الجزائر
531,BOUZAREAH,بوزريعة,01611,16,ALGER,الجزائر
532,BIRKHADEM,بئر خادم,01612,16,ALGER,الجزائر
533,EL HARRACH,الحراش,01613,16,ALGER,الجزائر
534,BARAKI,براقي,01614,16,ALGER,الجزائر
535,OUED SMAR,وادي السمار,01615,16,ALGER,الجزائر
536,BOUROUBA,بوروبة,01616,16,ALGER,الجزائر
537,HUSSEIN DEY,حسين داي,01617,16,ALGER,الجزائر
538,KOUBA,القبة,01618,16,ALGER,الجزائر
539,BACHEDJERAH,باش جراح,01619,16,ALGER,الجزائر
540,DAR EL BEIDA,الدار البيضاء,01620,16,ALGER,الجزائر
541,BAB EZZOUAR,باب الزوار,01621,16,ALGER,الجزائر
542,BEN AKNOUN,إبن عكنون,01622,16,ALGER,الجزائر
543,DELY IBRAHIM,دالي ابراهيم,01623,16,ALGER,الجزائر
544,BAINS ROMAINS,الحمامات,01624,16,ALGER,الجزائر
545,RAIS HAMIDOU,الرايس حميدو,01625,16,ALGER,الجزائر
546,DJASR KASENTINA,جسر قسنطينة,01626,16,ALGER,الجزائر
547,EL MOURADIA,المرادية,01627,16,ALGER,الجزائر
548,HYDRA,حيدرة,01628,16,ALGER,الجزائر
549,MOHAMMADIA,المحمدية,01629,16,ALGER,الجزائر
550,BORDJ EL KIFFAN,برج الكيفان,01630,16,ALGER,الجزائر
551,EL MAGHARIA,المغارية,01631,16,ALGER,الجزائر
552,BENI MESSOUS,بني مسوس,01632,16,ALGER,الجزائر
553,LES EUCALYPTUS,الكاليتوس,01633,16,ALGER,الجزائر
554,TESSALA EL MERDJA,تسالة المرجة,01634,16,ALGER,الجزائر
555,OULED CHEBEL,اولاد شبل,01635,16,ALGER,الجزائر
556,BIR TOUTA,بئر توتة,01636,16,ALGER,الجزائر
557,SIDI MOUSSA,سيدي موسى,01637,16,ALGER,الجزائر
558,ROUIBA,الرويبة,01638,16,ALGER,الجزائر
559,HERRAOUA,هراوة,01639,16,ALGER,الجزائر
560,REGHAIA,رغاية,01640,16,ALGER,الجزائر
561,AIN TAYA,عين طاية,01641,16,ALGER,الجزائر
562,BORDJ EL BAHRI,برج البحري,01642,16,ALGER,الجزائر
563,EL MERSSA,المرسى,01643,16,ALGER,الجزائر
564,ZERALDA,زرالدة,01644,16,ALGER,الجزائر
565,SEHAOULA,السحاولة,01645,16,ALGER,الجزائر
566,MAALMA,المعالمة,01646,16,ALGER,الجزائر
567,BABA HESEN,بابا حسن,01647,16,ALGER,الجزائر
568,DOUIRA,الدويرة,01648,16,ALGER,الجزائر
569,DRARIA,الدرارية,01649,16,ALGER,الجزائر
570,RAHMANIA,الرحمانية,01650,16,ALGER,الجزائر
571,OULED FAYET,اولاد فايت,01651,16,ALGER,الجزائر
572,CHERAGA,الشراقة,01652,16,ALGER,الجزائر
573,SETAOUALI,سطاوالي,01653,16,ALGER,الجزائر
574,EL ACHOUR,العاشور,01654,16,ALGER,الجزائر
575,SOUIDANIA,سويدانية,01655,16,ALGER,الجزائر
576,KHERAISIA,الخرايسية,01656,16,ALGER,الجزائر
577,AIN BENIAN,عين بنيان,01657,16,ALGER,الجزائر
578,DJELFA,الجلفة,01701,17,DJELFA,الجلفة
579,MOUDJEBARA,مجبرة,01702,17,DJELFA,الجلفة
580,EL GUEDID,القديد,01703,17,DJELFA,الجلفة
581,HASSI BAHBAH,حاسي بحبح,01704,17,DJELFA,الجلفة
582,AIN MAABED,عين معبد,01705,17,DJELFA,الجلفة
583,SED RAHAL,سد الرحال,01706,17,DJELFA,الجلفة
584,FAIDH EL BOTMA,فيض البطمة,01707,17,DJELFA,الجلفة
585,BIRINE,بيرين,01708,17,DJELFA,الجلفة
586,BOUIRA LAHDAB,بويرة الأحدب,01709,17,DJELFA,الجلفة
587,ZACCAR,زكار,01710,17,DJELFA,الجلفة
588,EL KHEMIS,الخميس,01711,17,DJELFA,الجلفة
589,SIDI BAIZID,سيدي بايزيد,01712,17,DJELFA,الجلفة
590,M LILIHA,مليليحة,01713,17,DJELFA,الجلفة
591,EL IDRISSIA,الادريسية,01714,17,DJELFA,الجلفة
592,DOUIS,دويس,01715,17,DJELFA,الجلفة
593,HASSI EL EUCH,حاسي العش,01716,17,DJELFA,الجلفة
594,MESSAAD,مسعد,01717,17,DJELFA,الجلفة
595,GUETTARA,القطارة,01718,17,DJELFA,الجلفة
596,SIDI LADJEL,سيدي لعجال,01719,17,DJELFA,الجلفة
597,HAD SAHARY,حد الصحاري,01720,17,DJELFA,الجلفة
598,GUERNINI,قرنيني,01721,17,DJELFA,الجلفة
599,SELMANA,سلمانة,01722,17,DJELFA,الجلفة
600,AIN CHOUHADA,عين الشهداء,01723,17,DJELFA,الجلفة
601,OUM LAADHAM,أم العظام,01724,17,DJELFA,الجلفة
602,DAR CHIOUKH,دار الشيوخ,01725,17,DJELFA,الجلفة
603,CHAREF,الشارف,01726,17,DJELFA,الجلفة
604,BENYAGOUB,بني يعقوب,01727,17,DJELFA,الجلفة
605,ZAAFRANE,زعفران,01728,17,DJELFA,الجلفة
606,DELDOUL,دلدول,01729,17,DJELFA,الجلفة
607,AIN EL IBEL,عين الإبل,01730,17,DJELFA,الجلفة
608,AIN OUSSERA,عين وسارة,01731,17,DJELFA,الجلفة
609,BENHAR,بنهار,01732,17,DJELFA,الجلفة
610,HASSI FEDOUL,حاسي فدول,01733,17,DJELFA,الجلفة
611,AMOURAH,عمورة,01734,17,DJELFA,الجلفة
612,AIN FEKKA,عين فكة,01735,17,DJELFA,الجلفة
613,TADMIT,تاعظميت,01736,17,DJELFA,الجلفة
614,JIJEL,جيجل,01801,18,JIJEL,جيجل
615,ERRAGUENE,أراقن,01802,18,JIJEL,جيجل
616,EL AOUANA,العوانة,01803,18,JIJEL,جيجل
617,ZIAMA MANSOURIA,زيامة منصورية,01804,18,JIJEL,جيجل
618,TAHER,الطاهير,01805,18,JIJEL,جيجل
619,EMIR ABDELKADER,الامير عبد القادر,01806,18,JIJEL,جيجل
620,CHEKFA,الشقفة,01807,18,JIJEL,جيجل
621,CHAHNA,الشحنة,01808,18,JIJEL,جيجل
622,EL MILIA,الميلية,01809,18,JIJEL,جيجل
623,SIDI MAROUF,سيدي معروف,01810,18,JIJEL,جيجل
624,SETTARA,السطارة,01811,18,JIJEL,جيجل
625,EL ANCER,العنصر,01812,18,JIJEL,جيجل
626,SIDI ABDELAZIZ,سيدي عبد العزيز,01813,18,JIJEL,جيجل
627,KOUAS,قاوس,01814,18,JIJEL,جيجل
628,GHEBALA,غبالة,01815,18,JIJEL,جيجل
629,BOURAOUI BELHADEF,بوراوي بلهادف,01816,18,JIJEL,جيجل
630,DJIMLA,جميلة,01817,18,JIJEL,جيجل
631,SELMA BENZIADA,سلمى بن زيادة,01818,18,JIJEL,جيجل
632,BOUSSIF OULED ASKEUR,بوسيف أولاد عسكري,01819,18,JIJEL,جيجل
633,EL KENNAR NOUCHFI,القنار نوشفي,01820,18,JIJEL,جيجل
634,OULED YAHIA KHADROUCH,أولاد يحيى خدروش,01821,18,JIJEL,جيجل
635,BOUDRIA BENIYADJIS,بوذريعة بني ياجيس,01822,18,JIJEL,جيجل
636,KHIRI OUED ADJOUL,خير وادي عجول,01823,18,JIJEL,جيجل
637,TEXENA,تاكسنة,01824,18,JIJEL,جيجل
638,DJEMAA BENI HABIBI,الجمعة بني حبيبي,01825,18,JIJEL,جيجل
639,BORDJ TAHAR,برج الطاهر,01826,18,JIJEL,جيجل
640,OULED RABAH,أولاد رابح,01827,18,JIJEL,جيجل
641,OUDJANA,وجانة,01828,18,JIJEL,جيجل
642,SETIF,سطيف,01901,19,SETIF,سطيف
643,AIN EL KEBIRA,العين الكبيرة,01902,19,SETIF,سطيف
644,BENI-AZIZ,بني عزيز,01903,19,SETIF,سطيف
645,OULED SI AHMED,أولاد سي أحمد,01904,19,SETIF,سطيف
646,BOUTALEB,بوطالب,01905,19,SETIF,سطيف
647,AIN-ROUA,عين الروى,01906,19,SETIF,سطيف
648,DRAA-KEBILA,ذراع القبيلة,01907,19,SETIF,سطيف
649,BIR-EL-ARCH,بئر العرش,01908,19,SETIF,سطيف
650,BENI CHEBANA,بني شبانة,01909,19,SETIF,سطيف
651,OULED TEBBEN,أولاد تبان,01910,19,SETIF,سطيف
652,HAMMA,الحامة,01911,19,SETIF,سطيف
653,MAAOUIA,معاوية,01912,19,SETIF,سطيف
654,AIN-LEGRADJ,عين لقراج,01913,19,SETIF,سطيف
655,AIN ABESSA,عين عباسة,01914,19,SETIF,سطيف
656,DEHAMCHA,الدهامشة,01915,19,SETIF,سطيف
657,BABOR,بابور,01916,19,SETIF,سطيف
658,GUIDJEL,قجال,01917,19,SETIF,سطيف
659,AIN LAHDJAR,عين الحجر,01918,19,SETIF,سطيف
660,BOUSSELAM,بوسلام,01919,19,SETIF,سطيف
661,EL EULMA,العلمة,01920,19,SETIF,سطيف
662,DJEMILA,جميلة,01921,19,SETIF,سطيف
663,BENI-OUARTILANE,بني ورتيلان,01922,19,SETIF,سطيف
664,ROSFA,الرصفة,01923,19,SETIF,سطيف
665,OULED ADDOUANE,أولاد عدوان,01924,19,SETIF,سطيف
666,BELLAA,بلعة,01925,19,SETIF,سطيف
667,AIN ARNAT,عين أرنات,01926,19,SETIF,سطيف
668,AMOUCHA,عموشة,01927,19,SETIF,سطيف
669,AIN OULMANE,عين ولمان,01928,19,SETIF,سطيف
670,BEIDHA BORDJ,بيضاء برج,01929,19,SETIF,سطيف
671,BOUANDAS,بوعنداس,01930,19,SETIF,سطيف
672,BAZER-SAKRA,بازر الصخرة,01931,19,SETIF,سطيف
673,HAMAM SOUKHNA,حمام السخنة,01932,19,SETIF,سطيف
674,MEZLOUG,مزلوق,01933,19,SETIF,سطيف
675,BIR HADDADA,بئر حدادة,01934,19,SETIF,سطيف
676,SERDJ-EL-GHOUL,سرج الغول,01935,19,SETIF,سطيف
677,HARBIL,حربيل,01936,19,SETIF,سطيف
678,EL OURICIA,الوريسية,01937,19,SETIF,سطيف
679,TIZI N'BECHAR,تيزي نبشار,01938,19,SETIF,سطيف
680,SALAH BEY,صالح باي,01939,19,SETIF,سطيف
681,AIN AZEL,عين أزال,01940,19,SETIF,سطيف
682,GUENZET,قنزات,01941,19,SETIF,سطيف
683,TALA-IFACENE,تالة إيفاسن,01942,19,SETIF,سطيف
684,BOUGAA,بوقاعة,01943,19,SETIF,سطيف
685,BENI FOUDA,بني فودة,01944,19,SETIF,سطيف
686,TACHOUDA,تاشودة,01945,19,SETIF,سطيف
687,BENI-MOUHLI,بني موحلي,01946,19,SETIF,سطيف
688,OULED SABOR,أولاد صابر,01947,19,SETIF,سطيف
689,GUELLAL,قلال بوطالب,01948,19,SETIF,سطيف
690,AIN-SEBT,عين السبت,01949,19,SETIF,سطيف
691,HAMMAM GUERGOUR,حمام قرقور,01950,19,SETIF,سطيف
692,AIT NAOUAL MEZADA,أيت نوال مزادة,01951,19,SETIF,سطيف
693,KSAR EL ABTAL,قصر الابطال,01952,19,SETIF,سطيف
694,BENI OUSSINE,بني وسين,01953,19,SETIF,سطيف
695,AIT-TIZI,ايت تيزي,01954,19,SETIF,سطيف
696,MAOUAKLANE,ماوكلان,01955,19,SETIF,سطيف
697,GUELTA ZERKA,القتلة الزرقاء,01956,19,SETIF,سطيف
698,OUED EL BARAD,وادي البارد,01957,19,SETIF,سطيف
699,TAYA,الطاية,01958,19,SETIF,سطيف
700,EL-OULDJA,الولجة,01959,19,SETIF,سطيف
701,TELLA,النلعة,01960,19,SETIF,سطيف
702,SAIDA,سعيدة,02001,20,SAIDA,سعيدة
703,DOUI THABET,دوي ثابت,02002,20,SAIDA,سعيدة
704,AIN EL HADJAR,عين الحجر,02003,20,SAIDA,سعيدة
705,OULED KHALED,أولاد خالد,02004,20,SAIDA,سعيدة
706,MOULAY LARBI,مولاي العربي,02005,20,SAIDA,سعيدة
707,YOUB,يوب,02006,20,SAIDA,سعيدة
708,HOUNET,حنات,02007,20,SAIDA,سعيدة
709,SIDI AMAR,سيدي عمار,02008,20,SAIDA,سعيدة
710,SIDI BOUBEKEUR,سيدي بوبكر,02009,20,SAIDA,سعيدة
711,EL HASSASNA,الحساسنة,02010,20,SAIDA,سعيدة
712,MAAMORA,المعمورة,02011,20,SAIDA,سعيدة
713,SIDI AHMED,سيدي احمد,02012,20,SAIDA,سعيدة
714,AIN SEKHOUNA,عين السخونة,02013,20,SAIDA,سعيدة
715,OULED BRAHIM,أولاد إبراهيم,02014,20,SAIDA,سعيدة
716,TIRCINE,تيرسين,02015,20,SAIDA,سعيدة
717,AIN SOLTANE,عين السلطان,02016,20,SAIDA,سعيدة
718,SKIKDA,سكيكدة,02101,21,SKIKDA,سكيكدة
719,AIN ZOUIT,عين زويت,02102,21,SKIKDA,سكيكدة
720,EL HADAIEK,الحدائق,02103,21,SKIKDA,سكيكدة
721,AZZABA,عزابة,02104,21,SKIKDA,سكيكدة
722,DJENDEL SAADI MOHAMED,جندل سعيدي محمد,02105,21,SKIKDA,سكيكدة
723,AIN CHARCHAR,عين الشرشار,02106,21,SKIKDA,سكيكدة
724,BEKKOUCHE LAKHDAR,بكوش الأخضر,02107,21,SKIKDA,سكيكدة
725,BEN AZZOUZ,بن عزوز,02108,21,SKIKDA,سكيكدة
726,ES SEBT,السبت,02109,21,SKIKDA,سكيكدة
727,COLLO,القل,02110,21,SKIKDA,سكيكدة
728,BENI ZID,بني زيد,02111,21,SKIKDA,سكيكدة
729,KERKERA,الكركرة,02112,21,SKIKDA,سكيكدة
730,OULED ATTIA,أولاد عطية,02113,21,SKIKDA,سكيكدة
731,OUED ZHOUR,وادي الزهور,02114,21,SKIKDA,سكيكدة
732,ZITOUNA,الزيتونة,02115,21,SKIKDA,سكيكدة
733,EL ARROUCH,الحروش,02116,21,SKIKDA,سكيكدة
734,ZERDEZAS,زردازة,02117,21,SKIKDA,سكيكدة
735,OULED HABBEBA,أولاد حبابة,02118,21,SKIKDA,سكيكدة
736,SIDI MEZGHICHE,سيدي مزغيش,02119,21,SKIKDA,سكيكدة
737,EMJEZ EDCHICH,مجاز الدشيش,02120,21,SKIKDA,سكيكدة
738,BENI OULBANE,بني ولبان,02121,21,SKIKDA,سكيكدة
739,AIN BOUZIANE,عين بوزيان,02122,21,SKIKDA,سكيكدة
740,RAMDANE DJAMEL,ومضان جمال,02123,21,SKIKDA,سكيكدة
741,BENI BECHIR,بني بشير,02124,21,SKIKDA,سكيكدة
742,SALAH BOUCHAOUR,صالح بو الشعور,02125,21,SKIKDA,سكيكدة
743,TAMALOUS,تمالوس,02126,21,SKIKDA,سكيكدة
744,AIN KECHERA,عين قشرة,02127,21,SKIKDA,سكيكدة
745,OUM TOUB,أم الطوب,02128,21,SKIKDA,سكيكدة
746,BIN EL OUIDEN,بين الويدان,02129,21,SKIKDA,سكيكدة
747,FILFILA,فلفلة,02130,21,SKIKDA,سكيكدة
748,CHERAIA,الشرائع,02131,21,SKIKDA,سكيكدة
749,KANOUA,قنواع,02132,21,SKIKDA,سكيكدة
750,EL GHEDIR,الغدير,02133,21,SKIKDA,سكيكدة
751,BOUCHETATA,بوشطاطة,02134,21,SKIKDA,سكيكدة
752,OULDJA BOULBALOUT,الولجة بولبلوط,02135,21,SKIKDA,سكيكدة
753,KHENAG MAYOUM,خنق مايون,02136,21,SKIKDA,سكيكدة
754,HAMADI KROUMA,حمادي كرومة,02137,21,SKIKDA,سكيكدة
755,EL MARSA,المرسى,02138,21,SKIKDA,سكيكدة
756,SIDI BEL-ABBES,سيدي بلعباس,02201,22,SIDI BEL ABBES,سيدي بلعباس
757,TESSALA,تسالة,02202,22,SIDI BEL ABBES,سيدي بلعباس
758,SIDI BRAHIM,سيدي ابراهيم,02203,22,SIDI BEL ABBES,سيدي بلعباس
759,MOSTEFA BEN BRAHIM,مصطفى بن ابراهيم,02204,22,SIDI BEL ABBES,سيدي بلعباس
760,TELAGH,تلاغ,02205,22,SIDI BEL ABBES,سيدي بلعباس
761,MEZAOUROU,مزاورو,02206,22,SIDI BEL ABBES,سيدي بلعباس
762,BOUKHANAFIS,بوخنيفيس,02207,22,SIDI BEL ABBES,سيدي بلعباس
763,SIDI ALI BOUSSIDI,سيدي علي بوسيدي,02208,22,SIDI BEL ABBES,سيدي بلعباس
764,BADREDINE EL MOKRANI,بدر الدين المقراني,02209,22,SIDI BEL ABBES,سيدي بلعباس
765,MARHOUM,مرحوم,02210,22,SIDI BEL ABBES,سيدي بلعباس
766,TAFISSOUR,تافيسور,02211,22,SIDI BEL ABBES,سيدي بلعباس
767,AMARNAS,امرناس,02212,22,SIDI BEL ABBES,سيدي بلعباس
768,TILMOUNI,تيلموني,02213,22,SIDI BEL ABBES,سيدي بلعباس
769,SIDI LAHCENE,سيدي لحسن,02214,22,SIDI BEL ABBES,سيدي بلعباس
770,AIN THRID,عين الثريد,02215,22,SIDI BEL ABBES,سيدي بلعباس
771,MAKEDRA,مقدرة,02216,22,SIDI BEL ABBES,سيدي بلعباس
772,TENIRA,تنيرة,02217,22,SIDI BEL ABBES,سيدي بلعباس
773,MOULAY SLISSEN,مولاي سليسن,02218,22,SIDI BEL ABBES,سيدي بلعباس
774,EL HACAIBA,الحصيبة,02219,22,SIDI BEL ABBES,سيدي بلعباس
775,HASSI ZAHANA,حاسي زهانة,02220,22,SIDI BEL ABBES,سيدي بلعباس
776,TABIA,طابية,02221,22,SIDI BEL ABBES,سيدي بلعباس
777,MERINE,مرين,02222,22,SIDI BEL ABBES,سيدي بلعباس
778,RAS EL MA,راس الماء,02223,22,SIDI BEL ABBES,سيدي بلعباس
779,AIN TINDAMINE,عين تندمين,02224,22,SIDI BEL ABBES,سيدي بلعباس
780,AIN KADA,عين قادة,02225,22,SIDI BEL ABBES,سيدي بلعباس
781,M'CID,مسيد,02226,22,SIDI BEL ABBES,سيدي بلعباس
782,SIDI KHALED,سيدي خالد,02227,22,SIDI BEL ABBES,سيدي بلعباس
783,AIN EL BERD,عين البرد,02228,22,SIDI BEL ABBES,سيدي بلعباس
784,SFISSEF,الزفيزف,02229,22,SIDI BEL ABBES,سيدي بلعباس
785,AIN- ADDEN,عين عدان,02230,22,SIDI BEL ABBES,سيدي بلعباس
786,OUED TAOURIRA,وادي تاوريرة,02231,22,SIDI BEL ABBES,سيدي بلعباس
787,DHAYA,الضاية,02232,22,SIDI BEL ABBES,سيدي بلعباس
788,ZEROUALA,زروالة,02233,22,SIDI BEL ABBES,سيدي بلعباس
789,LAMTAR,لمطار,02234,22,SIDI BEL ABBES,سيدي بلعباس
790,SIDI CHAIB,سيدي شعيب,02235,22,SIDI BEL ABBES,سيدي بلعباس
791,SIDI DAHOU ZAIRS,سيدي دحو الزاير,02236,22,SIDI BEL ABBES,سيدي بلعباس
792,OUED SEBAA,وادي السبع,02237,22,SIDI BEL ABBES,سيدي بلعباس
793,BOUDJEBAA EL BORDJ,بوجبع البرج,02238,22,SIDI BEL ABBES,سيدي بلعباس
794,SEHALA THAOURA,سحالة ثاورة,02239,22,SIDI BEL ABBES,سيدي بلعباس
795,SIDI YACOUB,سيدي يعقوب,02240,22,SIDI BEL ABBES,سيدي بلعباس
796,SIDI HAMADOUCHE,سيدي حمادوش,02241,22,SIDI BEL ABBES,سيدي بلعباس
797,BELARBI,بلعربي,02242,22,SIDI BEL ABBES,سيدي بلعباس
798,OUED SEFIOUN,وادي سفيون,02243,22,SIDI BEL ABBES,سيدي بلعباس
799,TEGHALIMET,تغليمت,02244,22,SIDI BEL ABBES,سيدي بلعباس
800,BEN BADIS,بن باديس,02245,22,SIDI BEL ABBES,سيدي بلعباس
801,SIDI ALI BENYOUB,سيدي علي بن يوب,02246,22,SIDI BEL ABBES,سيدي بلعباس
802,CHETOUANE BELAILA,شتوان بليلة,02247,22,SIDI BEL ABBES,سيدي بلعباس
803,BIR EL HAMMAM,بئر الحمام,02248,22,SIDI BEL ABBES,سيدي بلعباس
804,TAOUDMOUT,تاودموت,02249,22,SIDI BEL ABBES,سيدي بلعباس
805,REDJEM DEMOUCHE,رجم دموش,02250,22,SIDI BEL ABBES,سيدي بلعباس
806,BENACHIBA CHELIA,بن عشيبة شلية,02251,22,SIDI BEL ABBES,سيدي بلعباس
807,HASSI DAHOU,حاسي دحو,02252,22,SIDI BEL ABBES,سيدي بلعباس
808,ANNABA,عنابة,02301,23,ANNABA,عنابة
809,BERRAHEL,برحال,02302,23,ANNABA,عنابة
810,EL HADJAR,الحجار,02303,23,ANNABA,عنابة
811,EULMA,العلمة,02304,23,ANNABA,عنابة
812,EL BOUNI,البوني,02305,23,ANNABA,عنابة
813,OUED EL ANEB,وادي العنب,02306,23,ANNABA,عنابة
814,CHEURFA,الشرفاء,02307,23,ANNABA,عنابة
815,SERAIDI,سرايدي,02308,23,ANNABA,عنابة
816,AIN BERDA,العين الباردة,02309,23,ANNABA,عنابة
817,CHETAIBI,شطايبي,02310,23,ANNABA,عنابة
818,SIDI AMAR,سيد عامر,02311,23,ANNABA,عنابة
819,TREAT,التريعات,02312,23,ANNABA,عنابة
820,GUELMA,قالمة,02401,24,GUELMA,قالمة
821,NECHMAYA,نشماية,02402,24,GUELMA,قالمة
822,BOUATI MAHMOUD,بوعاطي محمود,02403,24,GUELMA,قالمة
823,OUED ZENATI,وادي الزناتي,02404,24,GUELMA,قالمة
824,TAMLOUKA,تاملوكة,02405,24,GUELMA,قالمة
825,OUED FRAGHA,وادي فراغا,02406,24,GUELMA,قالمة
826,SIDI SANDEL,عين صندل,02407,24,GUELMA,قالمة
827,RAS EL AGBA,رأس العقبة,02408,24,GUELMA,قالمة
828,DAHOUARA,الداواهرة,02409,24,GUELMA,قالمة
829,BELKHEIR,بلخير,02410,24,GUELMA,قالمة
830,BEN DJARAH,بن جراح,02411,24,GUELMA,قالمة
831,BOU HAMDANE,بوحمدان,02412,24,GUELMA,قالمة
832,AIN MAKHLOUF,عين مخلوف,02413,24,GUELMA,قالمة
833,AIN BEN BEIDA,عين بن بيضاء,02414,24,GUELMA,قالمة
834,KHEZARA,خزارة,02415,24,GUELMA,قالمة
835,BENI MEZLINE,بني مزلين,02416,24,GUELMA,قالمة
836,BOU HACHANA,بوحشانة,02417,24,GUELMA,قالمة
837,GUELAAT BOU SBAA,قلعة بوصبع,02418,24,GUELMA,قالمة
838,HAMAM DEBAGH,حمام دباغ,02419,24,GUELMA,قالمة
839,EL FEDJOUDJ,الفجوج,02420,24,GUELMA,قالمة
840,BORDJ SABAT,برج صباط,02421,24,GUELMA,قالمة
841,HAMMAM N'BAIL,حمام النبايل,02422,24,GUELMA,قالمة
842,AIN LARBI,عين العربي,02423,24,GUELMA,قالمة
843,MEDJEZ AMAR,مجاز عمار,02424,24,GUELMA,قالمة
844,BOUCHEGOUF,بوشقوف,02425,24,GUELMA,قالمة
845,HELIOPOLIS,هيليوبوليس,02426,24,GUELMA,قالمة
846,AIN HESSANIA,عين الحساينية,02427,24,GUELMA,قالمة
847,ROKNIA,الركنية,02428,24,GUELMA,قالمة
848,SELLAOUA ANNOUNA,سلاوة عنونة,02429,24,GUELMA,قالمة
849,MEDJEZ SFA,مجاز الصفاء,02430,24,GUELMA,قالمة
850,BOUHAMRA AHMED,بومهرة أحمد,02431,24,GUELMA,قالمة
851,AIN REGGADA,عين رقادة,02432,24,GUELMA,قالمة
852,OUED CHEHAM,وادي الشحم,02433,24,GUELMA,قالمة
853,DJEBALLAH KHEMISSI,جبالة الخميسي,02434,24,GUELMA,قالمة
854,CONSTANTINE,قسنطينة,02501,25,CONSTANTINE,قسنطينة
855,HAMMA BOUZIANE,حامة بوزيان,02502,25,CONSTANTINE,قسنطينة
856,BEN BADIS,إبن باديس الهرية,02503,25,CONSTANTINE,قسنطينة
857,ZIGHOUD YOUCEF,زيغود يوسف,02504,25,CONSTANTINE,قسنطينة
858,DIDOUCHE MOURAD,ديدوش مراد,02505,25,CONSTANTINE,قسنطينة
859,EL KHROUB,الخروب,02506,25,CONSTANTINE,قسنطينة
860,AIN ABID,عين عبيد,02507,25,CONSTANTINE,قسنطينة
861,BENI HAMIDENE,بني حميدان,02508,25,CONSTANTINE,قسنطينة
862,OULED RAHMOUNI,أولاد رحمون,02509,25,CONSTANTINE,قسنطينة
863,AIN SMARA,عين السمارة,02510,25,CONSTANTINE,قسنطينة
864,MESSAOUD BOUJERIOU,بوجريو مسعود,02511,25,CONSTANTINE,قسنطينة
865,IBN ZIAD,إبن زياد,02512,25,CONSTANTINE,قسنطينة
866,MEDEA,المدية,02601,26,MEDEA,المدية
867,OUZERA,وزرة,02602,26,MEDEA,المدية
868,OULED MAAREF,أولاد معروف,02603,26,MEDEA,المدية
869,AIN BOUCIF,عين بوسيف,02604,26,MEDEA,المدية
870,AISSAOUIA,العيساوية,02605,26,MEDEA,المدية
871,OULED DEID,أولاد دايد,02606,26,MEDEA,المدية
872,EL OMARIA,العمرية,02607,26,MEDEA,المدية
873,DERRAG,دراق,02608,26,MEDEA,المدية
874,EL GUELBELKEBIR,القلب الكبير,02609,26,MEDEA,المدية
875,BOUAICHE,بوعيش,02610,26,MEDEA,المدية
876,MEZERANA,مزغنة,02611,26,MEDEA,المدية
877,OULED BRAHIM,أولاد إبراهيم,02612,26,MEDEA,المدية
878,DAMIAT,دميات,02613,26,MEDEA,المدية
879,SIDI ZIANE,سيدي زيان,02614,26,MEDEA,المدية
880,TAMESGUIDA,تمسقيدة,02615,26,MEDEA,المدية
881,EL HAMDANIA,الحمدانية,02616,26,MEDEA,المدية
882,KEF LAKHDAR,الكاف الاخضر,02617,26,MEDEA,المدية
883,CHELALET EL ADHAOURA,شلالة العذاورة,02618,26,MEDEA,المدية
884,BOUSKENE,بوسكن,02619,26,MEDEA,المدية
885,REBAIA,الربعية,02620,26,MEDEA,المدية
886,BOUCHRAHIL,بوشراحيل,02621,26,MEDEA,المدية
887,OULED HELLAL,أولاد هلال,02622,26,MEDEA,المدية
888,TAFRAOUT,تفراوت,02623,26,MEDEA,المدية
889,BAATA,بعطة,02624,26,MEDEA,المدية
890,BOGHAR,بوغار,02625,26,MEDEA,المدية
891,SIDI NAAMANE,سيدي نعمان,02626,26,MEDEA,المدية
892,OULED BOUACHRA,أولاد بوعشرة,02627,26,MEDEA,المدية
893,SIDI ZAHAR,سيدي زهار,02628,26,MEDEA,المدية
894,OUED HARBIL,وادي حربيل,02629,26,MEDEA,المدية
895,BEN CHICAO,بن شكاو,02630,26,MEDEA,المدية
896,SIDI DEMED,سيدي دامد,02631,26,MEDEA,المدية
897,AZIZ,عزيز,02632,26,MEDEA,المدية
898,SOUAGUI,السواقي,02633,26,MEDEA,المدية
899,ZOUBIRIA,الزبيرية,02634,26,MEDEA,المدية
900,KSAR EL BOUKHARI,قصر البخاري,02635,26,MEDEA,المدية
901,EL AZIZIA,العزيزية,02636,26,MEDEA,المدية
902,DJOUAB,جواب,02637,26,MEDEA,المدية
903,CHABOUNIA,الشهبونية,02638,26,MEDEA,المدية
904,MAGHRAOUA,مغراوة,02639,26,MEDEA,المدية
905,CHENIGUEL,شنيقل,02640,26,MEDEA,المدية
906,AIN OUKSIR,عين القصيرة,02641,26,MEDEA,المدية
907,OUM EL DJELLIL,أم الجليل,02642,26,MEDEA,المدية
908,OUAMRI,عوامري,02643,26,MEDEA,المدية
909,SI MAHDJOUB,سي المحجوب,02644,26,MEDEA,المدية
910,TLETAT ED DOUAIR,ثلاث دوائر,02645,26,MEDEA,المدية
911,BENI SLIMANE,بني سليمان,02646,26,MEDEA,المدية
912,BERROUAGHIA,البرواقية,02647,26,MEDEA,المدية
913,SEGHOUANE,سغوان,02648,26,MEDEA,المدية
914,MEFTAHA,مفتاح,02649,26,MEDEA,المدية
915,MIHOUB,ميهوب,02650,26,MEDEA,المدية
916,BOUGHZOUL,بوغزول,02651,26,MEDEA,المدية
917,TABLAT,تابلاط,02652,26,MEDEA,المدية
918,DEUX BASSINS,الحوضان,02653,26,MEDEA,المدية
919,DRAA ESSAMAR,ذراع السمار,02654,26,MEDEA,المدية
920,SIDI RABIE,سيدي الربيع,02655,26,MEDEA,المدية
921,BIR BEN LAABED,بئر بن عابد,02656,26,MEDEA,المدية
922,EL OUINET,العوينات,02657,26,MEDEA,المدية
923,OULED ANTAR,أولاد عنتر,02658,26,MEDEA,المدية
924,BOUAICHOUNE,بوعيشون,02659,26,MEDEA,المدية
925,HANNACHA,حناشة,02660,26,MEDEA,المدية
926,SEDRAYA,سدراية,02661,26,MEDEA,المدية
927,MEDJEBAR,مجبر,02662,26,MEDEA,المدية
928,KHAMS DJOUAMAA,خمس جوامع,02663,26,MEDEA,المدية
929,SANEG,السائق,02664,26,MEDEA,المدية
930,MOSTAGANEM,مستغانم,02701,27,MOSTAGANEM,مستغانم
931,SAYADA,صيادة,02702,27,MOSTAGANEM,مستغانم
932,FORNAKA,فرناقة,02703,27,MOSTAGANEM,مستغانم
933,STIDIA,ستيدية,02704,27,MOSTAGANEM,مستغانم
934,AIN-NOUISSY,عين نويسي,02705,27,MOSTAGANEM,مستغانم
935,HASSI MAMECHE,حاسي معمش,02706,27,MOSTAGANEM,مستغانم
936,AIN-TEDLES,عين تادلس,02707,27,MOSTAGANEM,مستغانم
937,SOUR,سور,02708,27,MOSTAGANEM,مستغانم
938,OUED EL KHEIR,وادي الخير,02709,27,MOSTAGANEM,مستغانم
939,SIDI BELAATTAR,سيدي بلعطار,02710,27,MOSTAGANEM,مستغانم
940,KHEIR-EDDINE,خير الدين,02711,27,MOSTAGANEM,مستغانم
941,SIDI ALI,سيدي علي,02712,27,MOSTAGANEM,مستغانم
942,BENABDELMALEK RAMDANE,بن عبد المالك رمضان,02713,27,MOSTAGANEM,مستغانم
943,HADJADJ,حجاج,02714,27,MOSTAGANEM,مستغانم
944,NEKMARIA,نكمارية,02715,27,MOSTAGANEM,مستغانم
945,SIDI-LAKHDAR,سيدي لخضر,02716,27,MOSTAGANEM,مستغانم
946,ACHAACHA,عشعاشة,02717,27,MOSTAGANEM,مستغانم
947,KHADRA,خضراء,02718,27,MOSTAGANEM,مستغانم
948,BOUGUIRAT,بوقيراط,02719,27,MOSTAGANEM,مستغانم
949,SIRAT,سيرات,02720,27,MOSTAGANEM,مستغانم
950,AIN-SIDI CHERIF,عين سيدي الشريف,02721,27,MOSTAGANEM,مستغانم
951,MESRA,ماسرة,02722,27,MOSTAGANEM,مستغانم
952,MANSOURAH,منصورة,02723,27,MOSTAGANEM,مستغانم
953,SOUAFLIA,السوافلية,02724,27,MOSTAGANEM,مستغانم
954,OULED BOUGHALEM,أولاد بوغالم,02725,27,MOSTAGANEM,مستغانم
955,OULED-MAALAH,أولاد مع الله,02726,27,MOSTAGANEM,مستغانم
956,MAZAGRAN,مزغران,02727,27,MOSTAGANEM,مستغانم
957,AIN-BOUDINAR,عين بودينار,02728,27,MOSTAGANEM,مستغانم
958,TAZGAIT,تزقايت,02729,27,MOSTAGANEM,مستغانم
959,SAFSAF,صفصاف,02730,27,MOSTAGANEM,مستغانم
960,TOUAHRIA,الطواهرية,02731,27,MOSTAGANEM,مستغانم
961,HASSIANE,الحسيان (بني ياحي,02732,27,MOSTAGANEM,مستغانم
962,M'SILA,المسيلة,02801,28,M’SILA,المسيلة
963,MAADID,المعاضيد,02802,28,M’SILA,المسيلة
964,HAMMAM DALAA,حمام الضلعة,02803,28,M’SILA,المسيلة
965,OULED DERRADJ,أولاد دراج,02804,28,M’SILA,المسيلة
966,TARMOUNT,تارمونت,02805,28,M’SILA,المسيلة
967,M'TARFA,المطارفة,02806,28,M’SILA,المسيلة
968,KHOUBANA,خبانة,02807,28,M’SILA,المسيلة
969,M'CIF,مصيف,02808,28,M’SILA,المسيلة
970,CHELLAL,شلال,02809,28,M’SILA,المسيلة
971,OULED MADHI,أولاد ماضي,02810,28,M’SILA,المسيلة
972,MAGRA,مقرة,02811,28,M’SILA,المسيلة
973,BERHOUM,برهوم,02812,28,M’SILA,المسيلة
974,AIN KHADRA,عين خضراء,02813,28,M’SILA,المسيلة
975,OULED ADDI GUEBALA,أولاد عدي قبالة,02814,28,M’SILA,المسيلة
976,BELAIBA,بلعايبة,02815,28,M’SILA,المسيلة
977,SIDI AISSA,سيدي عيسى,02816,28,M’SILA,المسيلة
978,AIN EL HADJEL,عين الحجل,02817,28,M’SILA,المسيلة
979,SIDI HADJERES,سيدي هجرس,02818,28,M’SILA,المسيلة
980,OUANOUGHA,ونوغة,02819,28,M’SILA,المسيلة
981,BOU SAADA,بوسعادة,02820,28,M’SILA,المسيلة
982,OULED SIDI BRAHIM,أولاد سيدي ابراهيم,02821,28,M’SILA,المسيلة
983,SIDI AMEUR,سيدي عامر,02822,28,M’SILA,المسيلة
984,TAMSA,تامسة,02823,28,M’SILA,المسيلة
985,BEN SROUR,إبن سرور,02824,28,M’SILA,المسيلة
986,OULED SLIMANE,أولاد سليمان,02825,28,M’SILA,المسيلة
987,EL HOUAMED,الحوامد,02826,28,M’SILA,المسيلة
988,EL HAMEL,الهامل,02827,28,M’SILA,المسيلة
989,OULED MANSOUR,أولاد منصور,02828,28,M’SILA,المسيلة
990,MAARIF,معاريف,02829,28,M’SILA,المسيلة
991,DEHAHNA,دهاهنة,02830,28,M’SILA,المسيلة
992,BOUTI SAYEH,بوطي السياح,02831,28,M’SILA,المسيلة
993,KHETTOUTI SED-EL-JIR,ختوتي سد الجير,02832,28,M’SILA,المسيلة
994,ZARZOUR,زرزور,02833,28,M’SILA,المسيلة
995,MOHAMED BOUDIAF,محمد بوضياف,02834,28,M’SILA,المسيلة
996,BENZOUH,بن زوح,02835,28,M’SILA,المسيلة
997,BIR FODA,بئر الفضة,02836,28,M’SILA,المسيلة
998,AIN FARES,عين فارس,02837,28,M’SILA,المسيلة
999,SIDI M'HAMED,سيدي أحمد,02838,28,M’SILA,المسيلة
1000,MENAA OULED ATTIA,منعة -أولاد عطية,02839,28,M’SILA,المسيلة
1001,SOUAMAA,الصوامع,02840,28,M’SILA,المسيلة
1002,AIN EL MELH,عين الملح,02841,28,M’SILA,المسيلة
1003,MEDJEDEL,مجدل,02842,28,M’SILA,المسيلة
1004,SLIM,سليم,02843,28,M’SILA,المسيلة
1005,AIN RICH,عين الريش,02844,28,M’SILA,المسيلة
1006,BENI ILMANE,بني يلمان,02845,28,M’SILA,المسيلة
1007,OULTEME,ولتام,02846,28,M’SILA,المسيلة
1008,DJEBEL MESSAAD,جبل مسعد,02847,28,M’SILA,المسيلة
1009,MASCARA,معسكر,02901,29,MASCARA,معسكر
1010,BOUHANIFIA,بوحنيفية,02902,29,MASCARA,معسكر
1011,TIZI,تيزي,02903,29,MASCARA,معسكر
1012,HACINE,حسين,02904,29,MASCARA,معسكر
1013,MAOUSSA,ماوسة,02905,29,MASCARA,معسكر
1014,TIGHENNIF,تيغنيف,02906,29,MASCARA,معسكر
1015,EL HACHEM,الحشم,02907,29,MASCARA,معسكر
1016,SIDI KADA,سيدي قادة,02908,29,MASCARA,معسكر
1017,ZELAMTA,زلامطة,02909,29,MASCARA,معسكر
1018,OUED EL ABTAL,وادي الأبطال,02910,29,MASCARA,معسكر
1019,AIN FERAH,عين فراح,02911,29,MASCARA,معسكر
1020,GHRISS,غريس,02912,29,MASCARA,معسكر
1021,FROHA,فروحة,02913,29,MASCARA,معسكر
1022,MATEMORE,المطمور,02914,29,MASCARA,معسكر
1023,MAKHDA,ماقضة,02915,29,MASCARA,معسكر
1024,SIDI BOUSSAID,سيدي بوسعيد,02916,29,MASCARA,معسكر
1025,EL BORDJ,البرج,02917,29,MASCARA,معسكر
1026,AIN FEKAN,عين فكان,02918,29,MASCARA,معسكر
1027,BENIAN,بنيان,02919,29,MASCARA,معسكر
1028,KHALOUIA,خلوية,02920,29,MASCARA,معسكر
1029,EL MENAOUER,المنور,02921,29,MASCARA,معسكر
1030,OUED TARIA,وادي تاغية,02922,29,MASCARA,معسكر
1031,AOUF,عوف,02923,29,MASCARA,معسكر
1032,AIN FARES,عين فارس,02924,29,MASCARA,معسكر
1033,AIN FRASS,عين الفرس,02925,29,MASCARA,معسكر
1034,SIG,سيق,02926,29,MASCARA,معسكر
1035,OGGAZ,عكاز,02927,29,MASCARA,معسكر
1036,ALAIMIA,العلايمية,02928,29,MASCARA,معسكر
1037,EL GAADA,القعدة,02929,29,MASCARA,معسكر
1038,ZAHANA,زهانة,02930,29,MASCARA,معسكر
1039,MOHAMMADIA,المحمدية,02931,29,MASCARA,معسكر
1040,SIDI ABDELMOUMENE,سيدي عبد المومن,02932,29,MASCARA,معسكر
1041,FERRAGUIG,فراقيق,02933,29,MASCARA,معسكر
1042,EL GHOMRI,الغمري,02934,29,MASCARA,معسكر
1043,SEDJERARA,سجرارة,02935,29,MASCARA,معسكر
1044,MOCTA-DOUZ,مقطع الدوز,02936,29,MASCARA,معسكر
1045,BOU HENNI,بوهني,02937,29,MASCARA,معسكر
1046,EL GUEITENA,القطنة,02938,29,MASCARA,معسكر
1047,EL MAMOUNIA,المأمونية,02939,29,MASCARA,معسكر
1048,EL KEURT,القرط,02940,29,MASCARA,معسكر
1049,GHARROUS,غروس,02941,29,MASCARA,معسكر
1050,GUERDJOUM,قرجوم,02942,29,MASCARA,معسكر
1051,CHORFA,الشرفاء,02943,29,MASCARA,معسكر
1052,RAS EL AIN AMIROUCHE,رأس عين عميروش,02944,29,MASCARA,معسكر
1053,NESMOT,نسمط,02945,29,MASCARA,معسكر
1054,SIDI ABDELDJEBAR,سيدي عبد الجبار,02946,29,MASCARA,معسكر
1055,SEHAILIA,السهايلية,02947,29,MASCARA,معسكر
1056,OUARGLA,ورقلة,03001,30,OUARGLA,ورقلة
1057,AIN BEIDA,عين البيضاء,03002,30,OUARGLA,ورقلة
1058,N'GOUSSA,نقوسة,03003,30,OUARGLA,ورقلة
1059,HASSI MESSAOUD,حاسي مسعود,03004,30,OUARGLA,ورقلة
1060,ROUISSAT,الرويسات,03005,30,OUARGLA,ورقلة
1061,SIDI KHOUILED,سيدي خويلد,03011,30,OUARGLA,ورقلة
1062,HASSI BEN ABDELLAH,حاسي بن عبد الله,03012,30,OUARGLA,ورقلة
1063,EL BORMA,البرمة,03021,30,OUARGLA,ورقلة
1064,ORAN,وهران,03101,31,ORAN,وهران
1065,GDYEL,قديل,03102,31,ORAN,وهران
1066,BIR EL DJIR,بئر الجير,03103,31,ORAN,وهران
1067,HASSI BOUNIF,حاسي بونيف,03104,31,ORAN,وهران
1068,ES SENIA,السانية,03105,31,ORAN,وهران
1069,ARZEW,أرزيو,03106,31,ORAN,وهران
1070,BETHIOUA,بطيوة,03107,31,ORAN,وهران
1071,MARSAT EL HADJADJ,مرسى الحجاج,03108,31,ORAN,وهران
1072,AIN TURK,عين الترك,03109,31,ORAN,وهران
1073,EL ANCAR,العنصر,03110,31,ORAN,وهران
1074,OUED TLELAT,وادي تليلات,03111,31,ORAN,وهران
1075,TAFRAOUI,طفراوي,03112,31,ORAN,وهران
1076,SIDI CHAMI,سيدي الشحمي,03113,31,ORAN,وهران
1077,BOUFATIS,بوفتيس,03114,31,ORAN,وهران
1078,MERS EL KEBIR,المرسى الكبير,03115,31,ORAN,وهران
1079,BOUSFER,بوصفر,03116,31,ORAN,وهران
1080,EL KERMA,الكرمة,03117,31,ORAN,وهران
1081,EL BRAYA,البراية,03118,31,ORAN,وهران
1082,HASSI BEN OKBA,حاسي بن عقبة,03119,31,ORAN,وهران
1083,BEN FREHA,بن فريحة,03120,31,ORAN,وهران
1084,HASSI MEFSOUKH,حاسي مفسوخ,03121,31,ORAN,وهران
1085,SIDI BEN YEBKA,سيدي بن يبقى,03122,31,ORAN,وهران
1086,MESSERGHIN,مسرغين,03123,31,ORAN,وهران
1087,BOUTLELIS,بوتليليس,03124,31,ORAN,وهران
1088,AIN KERMA,عين الكرمة,03125,31,ORAN,وهران
1089,AIN BIYA,عين البية,03126,31,ORAN,وهران
1090,EL BAYADH,البيض,03201,32,EL BAYADH,البيض
1091,ROGASSA,رقاصة,03202,32,EL BAYADH,البيض
1092,STITTEN,ستيتن,03203,32,EL BAYADH,البيض
1093,BREZINA,بريزينة,03204,32,EL BAYADH,البيض
1094,GHASSOUL,غسول,03205,32,EL BAYADH,البيض
1095,BOUALEM,بوعلام,03206,32,EL BAYADH,البيض
1096,EL BIODH SIDI CHEIKH,الأبيض سيدي الشيخ,03207,32,EL BAYADH,البيض
1097,AIN EL ORAK,عين العراك,03208,32,EL BAYADH,البيض
1098,ARBAOUAT,عرباوة,03209,32,EL BAYADH,البيض
1099,BOUGTOUB,بوقطب,03210,32,EL BAYADH,البيض
1100,EL KHEITHER,الخيثر,03211,32,EL BAYADH,البيض
1101,KEF EL AHMAR,الكاف الأحمر,03212,32,EL BAYADH,البيض
1102,BOUSSEMGHOUN,بوسمغون,03213,32,EL BAYADH,البيض
1103,CHELLALA,شلالة,03214,32,EL BAYADH,البيض
1104,KRAKDA,كراكدة,03215,32,EL BAYADH,البيض
1105,EL BNOUD,البنود,03216,32,EL BAYADH,البيض
1106,CHEGUIG,الشقيق,03217,32,EL BAYADH,البيض
1107,SIDI AMEUR,سيدي عامر,03218,32,EL BAYADH,البيض
1108,EL MEHARA,المهارة,03219,32,EL BAYADH,البيض
1109,TOUSMOULINE,توسمولين,03220,32,EL BAYADH,البيض
1110,SIDI SLIMANE,سيدي سليمان,03221,32,EL BAYADH,البيض
1111,SIDI TIFOUR,سيدي تيفور,03222,32,EL BAYADH,البيض
1112,ILLIZI,إيليزي,03301,33,ILLIZI,إيليزي
1113,DEBDEB,دبداب,03303,33,ILLIZI,إيليزي
1114,BORDJ OMAR DRISS,برج عمر إدريس,03304,33,ILLIZI,إيليزي
1115,IN AMENAS,إن أميناس,03306,33,ILLIZI,إيليزي
1116,B. B. ARRERIDJ,برج بوعريرج,03401,34,BORDJ BOU ARRERIDJ,برج بوعريرج
1117,RAS EL OUED,رأس الوادي,03402,34,BORDJ BOU ARRERIDJ,برج بوعريرج
1118,BORDJ ZEMORA,برج زمورة,03403,34,BORDJ BOU ARRERIDJ,برج بوعريرج
1119,MANSOURA,المنصورة,03404,34,BORDJ BOU ARRERIDJ,برج بوعريرج
1120,EL M'HIR,المهير,03405,34,BORDJ BOU ARRERIDJ,برج بوعريرج
1121,BEN DAOUD,بن داود,03406,34,BORDJ BOU ARRERIDJ,برج بوعريرج
1122,EL ACHIR,الياشير,03407,34,BORDJ BOU ARRERIDJ,برج بوعريرج
1123,AIN TAGHROUT,عين تاغروت,03408,34,BORDJ BOU ARRERIDJ,برج بوعريرج
1124,BORDJ GHDIR,برج غدير,03409,34,BORDJ BOU ARRERIDJ,برج بوعريرج
1125,SIDI-EMBAREK,سيدي مبارك,03410,34,BORDJ BOU ARRERIDJ,برج بوعريرج
1126,EL HAMADIA,الحمادية,03411,34,BORDJ BOU ARRERIDJ,برج بوعريرج
1127,BELIMOUR,بليمور,03412,34,BORDJ BOU ARRERIDJ,برج بوعريرج
1128,MEDJANA,مجانة,03413,34,BORDJ BOU ARRERIDJ,برج بوعريرج
1129,TENIET EN NASR,ثنية النصر,03414,34,BORDJ BOU ARRERIDJ,برج بوعريرج
1130,DJAAFRA,الجعافرة,03415,34,BORDJ BOU ARRERIDJ,برج بوعريرج
1131,EL MAIN,الماين,03416,34,BORDJ BOU ARRERIDJ,برج بوعريرج
1132,OULED BRAHEM,أولاد أبراهيم,03417,34,BORDJ BOU ARRERIDJ,برج بوعريرج
1133,OULED DAHMANE,أولاد دحمان,03418,34,BORDJ BOU ARRERIDJ,برج بوعريرج
1134,HASNAOUA,حسناوة,03419,34,BORDJ BOU ARRERIDJ,برج بوعريرج
1135,KHELIL,خليل,03420,34,BORDJ BOU ARRERIDJ,برج بوعريرج
1136,TAGLAIT,تقلعيت,03421,34,BORDJ BOU ARRERIDJ,برج بوعريرج
1137,KSOUR,القصور,03422,34,BORDJ BOU ARRERIDJ,برج بوعريرج
1138,OULED SIDI-BRAHIM,أولاد سيدي ابراهيم,03423,34,BORDJ BOU ARRERIDJ,برج بوعريرج
1139,TAFREG,تفرق,03424,34,BORDJ BOU ARRERIDJ,برج بوعريرج
1140,COLLA,القلة,03425,34,BORDJ BOU ARRERIDJ,برج بوعريرج
1141,TIXTER,تيكستير,03426,34,BORDJ BOU ARRERIDJ,برج بوعريرج
1142,EL ACH,العش,03427,34,BORDJ BOU ARRERIDJ,برج بوعريرج
1143,EL ANSEUR,العنصر,03428,34,BORDJ BOU ARRERIDJ,برج بوعريرج
1144,TESMART,تسمرت,03429,34,BORDJ BOU ARRERIDJ,برج بوعريرج
1145,AIN TESRA,عين تسرة,03430,34,BORDJ BOU ARRERIDJ,برج بوعريرج
1146,BIR KASDALI,بئر قصد علي,03431,34,BORDJ BOU ARRERIDJ,برج بوعريرج
1147,GHILASSA,غيلاسة,03432,34,BORDJ BOU ARRERIDJ,برج بوعريرج
1148,RABTA,الرابطة,03433,34,BORDJ BOU ARRERIDJ,برج بوعريرج
1149,HARAZA,حرازة,03434,34,BORDJ BOU ARRERIDJ,برج بوعريرج
1150,BOUMERDES,بومرداس,03501,35,BOUMERDES,بومرداس
1151,BOUDOUAOU,بودواو,03502,35,BOUMERDES,بومرداس
1152,AFIR,أفير,03503,35,BOUMERDES,بومرداس
1153,BORDJ MENAIEL,برج منايل,03504,35,BOUMERDES,بومرداس
1154,BAGHLIA,بغلية,03505,35,BOUMERDES,بومرداس
1155,SIDI DAOUD,سيدي داود,03506,35,BOUMERDES,بومرداس
1156,NACIRIA,الناصرية,03507,35,BOUMERDES,بومرداس
1157,DJINET,جينات,03508,35,BOUMERDES,بومرداس
1158,ISSER,يسر,03509,35,BOUMERDES,بومرداس
1159,ZEMMOURI,زموري,03510,35,BOUMERDES,بومرداس
1160,SI MUSTAPHA,سي مصطفى,03511,35,BOUMERDES,بومرداس
1161,TIDJELABINE,تجلبين,03512,35,BOUMERDES,بومرداس
1162,CHABET EL AMEUR,شعبة العامر,03513,35,BOUMERDES,بومرداس
1163,THENIA,الثنية,03514,35,BOUMERDES,بومرداس
1164,TIMEZRIT,تمزريت,03515,35,BOUMERDES,بومرداس
1165,CORSO,قورصو,03516,35,BOUMERDES,بومرداس
1166,OULED MOUSSA,أولاد موسى,03517,35,BOUMERDES,بومرداس
1167,LARBATACHE,الاربعطاش,03518,35,BOUMERDES,بومرداس
1168,BOUZEGZA KEDDARA,بوزقرة قدارة,03519,35,BOUMERDES,بومرداس
1169,TAOURGA,تورقة,03520,35,BOUMERDES,بومرداس
1170,OULED AISSA,أولاد عيسى,03521,35,BOUMERDES,بومرداس
1171,BEN CHOUD,بني شود,03522,35,BOUMERDES,بومرداس
1172,DELLYS,دلس,03523,35,BOUMERDES,بومرداس
1173,AMMAL,عمال,03524,35,BOUMERDES,بومرداس
1174,BENI AMRANE,بني عمران,03525,35,BOUMERDES,بومرداس
1175,SOUK EL HAAD,سوق الأحد,03526,35,BOUMERDES,بومرداس
1176,BOUDOUAOU EL BAHRI,بودواو البحري,03527,35,BOUMERDES,بومرداس
1177,OULED HEDADJ,أولاد هداج,03528,35,BOUMERDES,بومرداس
1178,LEGHATA,القاطة,03529,35,BOUMERDES,بومرداس
1179,HAMMEDI,حمادي,03530,35,BOUMERDES,بومرداس
1180,KHEMIS EL KHECHNA,خميس الخشنة,03531,35,BOUMERDES,بومرداس
1181,EL KHARROUBA,الخروبة,03532,35,BOUMERDES,بومرداس
1182,EL TARF,الطارف,03601,36,EL TARF,الطارف
1183,BOUHADJAR,بوحجار,03602,36,EL TARF,الطارف
1184,BEN M HIDI,إبن مهيدي,03603,36,EL TARF,الطارف
1185,BOUGOUS,بوقوس,03604,36,EL TARF,الطارف
1186,EL KALA,القالة,03605,36,EL TARF,الطارف
1187,AIN EL ASSEL,عين العسل,03606,36,EL TARF,الطارف
1188,EL AIOUN,العيون,03607,36,EL TARF,الطارف
1189,BOUTELDJA,بوثلجة,03608,36,EL TARF,الطارف
1190,SOUAREKH,السواريخ,03609,36,EL TARF,الطارف
1191,BERRIHANE,بريحان,03610,36,EL TARF,الطارف
1192,LAC DES OISEAUX,بحيرة الطيور,03611,36,EL TARF,الطارف
1193,CHEFIA,الشافية,03612,36,EL TARF,الطارف
1194,DREAN,الذرغان,03613,36,EL TARF,الطارف
1195,CHIHANI,شهاني,03614,36,EL TARF,الطارف
1196,CHEBAITA MOKHTAR,شبايطة مختار,03615,36,EL TARF,الطارف
1197,BESBES,البسباس,03616,36,EL TARF,الطارف
1198,ASFOUR,عصفور,03617,36,EL TARF,الطارف
1199,ECHATT,الشط,03618,36,EL TARF,الطارف
1200,ZERIZER,زريزر,03619,36,EL TARF,الطارف
1201,ZITOUNA,الزيتونة,03620,36,EL TARF,الطارف
1202,AIN KERMA,عين الكرمة,03621,36,EL TARF,الطارف
1203,OUED ZITOUN,وادي الزيتون,03622,36,EL TARF,الطارف
1204,HAMMAM BENI SALAH,حمام بن صالح,03623,36,EL TARF,الطارف
1205,RAML SOUK,رمل السوق,03624,36,EL TARF,الطارف
1206,TINDOUF,تندوف,03701,37,TINDOUF,تندوف
1207,OUM EL ASSEL,أم العسل,03702,37,TINDOUF,تندوف
1208,TISSEMSILT,تيسمسيلت,03801,38,TISSEMSILT,تيسمسيلت
1209,BORDJ BOUNAAMA,برج بونعامة,03802,38,TISSEMSILT,تيسمسيلت
1210,THENIET EL HAD,ثنية الحد,03803,38,TISSEMSILT,تيسمسيلت
1211,LAZHARIA,الأزهرية,03804,38,TISSEMSILT,تيسمسيلت
1212,BENI CHAIB,بني شعيب,03805,38,TISSEMSILT,تيسمسيلت
1213,LARDJEM,لرجام,03806,38,TISSEMSILT,تيسمسيلت
1214,MELAAB,الملعب,03807,38,TISSEMSILT,تيسمسيلت
1215,SIDI LANTRI,سيدي العنتري,03808,38,TISSEMSILT,تيسمسيلت
1216,BORDJ EL EMIR ABDELKADER,برج الأمير عبد القادر,03809,38,TISSEMSILT,تيسمسيلت
1217,LAYOUNE,العيون,03810,38,TISSEMSILT,تيسمسيلت
1218,KHEMISTI,خميستي,03811,38,TISSEMSILT,تيسمسيلت
1219,OULED BESSEM,أولاد بسام,03812,38,TISSEMSILT,تيسمسيلت
1220,AMMARI,عماري,03813,38,TISSEMSILT,تيسمسيلت
1221,YOUSSOUFIA,اليوسفية,03814,38,TISSEMSILT,تيسمسيلت
1222,SIDI BOUTOUCHENT,سيدي بوتوشنت,03815,38,TISSEMSILT,تيسمسيلت
1223,LARBAA,الأربعاء,03816,38,TISSEMSILT,تيسمسيلت
1224,MAACEM,المعاصم,03817,38,TISSEMSILT,تيسمسيلت
1225,SIDI ABED,سيدي عابد,03818,38,TISSEMSILT,تيسمسيلت
1226,TAMELLALET,تملاحت,03819,38,TISSEMSILT,تيسمسيلت
1227,SIDI SLIMANE,سيدي سليمان,03820,38,TISSEMSILT,تيسمسيلت
1228,BOU CAID,بوقايد,03821,38,TISSEMSILT,تيسمسيلت
1229,BENI LAHCENE,بني لحسن,03822,38,TISSEMSILT,تيسمسيلت
1230,EL-OUED,الوادي,03901,39,EL OUED,الوادي
1231,ROBBAH,الرباح,03902,39,EL OUED,الوادي
1232,OUED EL ALENDA,وادي العلندة,03903,39,EL OUED,الوادي
1233,BAYADHA,البياضة,03904,39,EL OUED,الوادي
1234,NAKHLA,النخلة,03905,39,EL OUED,الوادي
1235,GUEMAR,قمار,03906,39,EL OUED,الوادي
1236,KOUININE,كوينين,03907,39,EL OUED,الوادي
1237,REGUIBA,الرقيبة,03908,39,EL OUED,الوادي
1238,HAMRAIA,الحمراية,03909,39,EL OUED,الوادي
1239,TAGHZOUT,تاغزوت,03910,39,EL OUED,الوادي
1240,DEBILA,الدبيلة,03911,39,EL OUED,الوادي
1241,HASSANI ABDELKRIM,حساني عبد الكريم,03912,39,EL OUED,الوادي
1242,HASSI KHALIFA,حاسي خليفة,03913,39,EL OUED,الوادي
1243,TALEB LARBI,طالب العربي,03914,39,EL OUED,الوادي
1244,DOUAR EL MAA,دوار الماء,03915,39,EL OUED,الوادي
1245,SIDI AOUN,سيدي عون,03916,39,EL OUED,الوادي
1246,TRIFAOUI,الطريفاوي,03917,39,EL OUED,الوادي
1247,MAGRANE,المقرن,03918,39,EL OUED,الوادي
1248,BEN GUECHA,بني قشة,03919,39,EL OUED,الوادي
1249,OURMES,ورماس,03920,39,EL OUED,الوادي
1250,EL OGLA,العقلة,03925,39,EL OUED,الوادي
1251,MIH OUANSA,ميه وانسة,03926,39,EL OUED,الوادي
1252,KHENCHELA,خنشلة,04001,40,KHENCHELA,خنشلة
1253,M'TOUSSA,متوسة,04002,40,KHENCHELA,خنشلة
1254,KAIS,قايس,04003,40,KHENCHELA,خنشلة
1255,BAGHAI,بغاي,04004,40,KHENCHELA,خنشلة
1256,EL HAMMA,الحامة,04005,40,KHENCHELA,خنشلة
1257,AIN TOUILA,عين الطويلة,04006,40,KHENCHELA,خنشلة
1258,TAOUZIANAT,تاوزيانت,04007,40,KHENCHELA,خنشلة
1259,BOUHMAMA,بوحمامة,04008,40,KHENCHELA,خنشلة
1260,EL OUELDJA,الولجة,04009,40,KHENCHELA,خنشلة
1261,REMILA,الرميلة,04010,40,KHENCHELA,خنشلة
1262,CHERCHAR,ششار,04011,40,KHENCHELA,خنشلة
1263,DJELLAL,جلال,04012,40,KHENCHELA,خنشلة
1264,BABAR,ببار,04013,40,KHENCHELA,خنشلة
1265,TAMZA,تلمزة,04014,40,KHENCHELA,خنشلة
1266,ENSIGHA,انسيغة,04015,40,KHENCHELA,خنشلة
1267,OULED RECHACHE,أولاد رشاش,04016,40,KHENCHELA,خنشلة
1268,EL MAHMAL,المحمل,04017,40,KHENCHELA,خنشلة
1269,M'SARA,مصارة,04018,40,KHENCHELA,خنشلة
1270,YABOUS,يابوس,04019,40,KHENCHELA,خنشلة
1271,KHIRANE,خيران,04020,40,KHENCHELA,خنشلة
1272,CHELIA,شلية,04021,40,KHENCHELA,خنشلة
1273,SOUK AHRAS,سوق أهراس,04101,41,SOUK AHRAS,سوق اهراس
1274,SEDRATA,سدراتة,04102,41,SOUK AHRAS,سوق اهراس
1275,HANENCHA,الجنانشة,04103,41,SOUK AHRAS,سوق اهراس
1276,MACHROHA,مشروحة,04104,41,SOUK AHRAS,سوق اهراس
1277,OULED DRISS,أولاد إدريس,04105,41,SOUK AHRAS,سوق اهراس
1278,TIFFECH,تيفاش,04106,41,SOUK AHRAS,سوق اهراس
1279,ZAAROURIA,الزعرورية,04107,41,SOUK AHRAS,سوق اهراس
1280,TAOURA,تاورة,04108,41,SOUK AHRAS,سوق اهراس
1281,DREA,الدريعة,04109,41,SOUK AHRAS,سوق اهراس
1282,HADDADA,الحدادة,04110,41,SOUK AHRAS,سوق اهراس
1283,KHEDARA,لخضارة,04111,41,SOUK AHRAS,سوق اهراس
1284,MERAHNA,المراهنة,04112,41,SOUK AHRAS,سوق اهراس
1285,OULED MOUMEN,أولاد مومن,04113,41,SOUK AHRAS,سوق اهراس
1286,BIR BOUHOUCHE,بئر بوحوش,04114,41,SOUK AHRAS,سوق اهراس
1287,M'DAOUROUCHE,مداوروش,04115,41,SOUK AHRAS,سوق اهراس
1288,OUM EL ADHAIM,أم العظايم,04116,41,SOUK AHRAS,سوق اهراس
1289,AIN ZANA,عين الزانة,04117,41,SOUK AHRAS,سوق اهراس
1290,AIN SOLTANE,عين السلطان,04118,41,SOUK AHRAS,سوق اهراس
1291,QUILLEN,ويلان,04119,41,SOUK AHRAS,سوق اهراس
1292,SIDI FREDJ,سيدي فرج,04120,41,SOUK AHRAS,سوق اهراس
1293,SAFEL EL OUIDEN,سافل الويدان,04121,41,SOUK AHRAS,سوق اهراس
1294,RAGOUBA,الرقوبة,04122,41,SOUK AHRAS,سوق اهراس
1295,KHEMISSA,خميسة,04123,41,SOUK AHRAS,سوق اهراس
1296,OUED KEBRIT,وادي الكبريت,04124,41,SOUK AHRAS,سوق اهراس
1297,TERRAGUELT,ترقالت,04125,41,SOUK AHRAS,سوق اهراس
1298,ZOUABI,الزوابي,04126,41,SOUK AHRAS,سوق اهراس
1299,TIPAZA,تيبازة,04201,42,TIPAZA,تيبازة
1300,MENACEUR,مناصر,04202,42,TIPAZA,تيبازة
1301,LARHAT,الأرهاط,04203,42,TIPAZA,تيبازة
1302,DOUAOUDA,دواودة,04204,42,TIPAZA,تيبازة
1303,BOURKIKA,بورقيقة,04205,42,TIPAZA,تيبازة
1304,KHEMISTI,خميستي,04206,42,TIPAZA,تيبازة
1305,AGHBAL,أغبال,04207,42,TIPAZA,تيبازة
1306,HADJOUT,حجوط,04208,42,TIPAZA,تيبازة
1307,SIDI-AMAR,سيدي عامر,04209,42,TIPAZA,تيبازة
1308,GOURAYA,قوراية,04210,42,TIPAZA,تيبازة
1309,NADOR,الناظور,04211,42,TIPAZA,تيبازة
1310,CHAIBA,الشعيبة,04212,42,TIPAZA,تيبازة
1311,AIN TAGOURAIT,عين تاقورايت,04213,42,TIPAZA,تيبازة
1312,CHERCHELL,شرشال,04214,42,TIPAZA,تيبازة
1313,DAMOUS,الداموس,04215,42,TIPAZA,تيبازة
1314,MERAD,مراد,04216,42,TIPAZA,تيبازة
1315,FOUKA,فوكة,04217,42,TIPAZA,تيبازة
1316,BOU ISMAIL,بواسماعيل,04218,42,TIPAZA,تيبازة
1317,AHMER EL AIN,أحمر العين,04219,42,TIPAZA,تيبازة
1318,BOU HAROUN,بوهارون,04220,42,TIPAZA,تيبازة
1319,SIDI GHILES,سيدي غيلاس,04221,42,TIPAZA,تيبازة
1320,MESSELMOUN,مسلمون,04222,42,TIPAZA,تيبازة
1321,SIDI RACHED,سيدي راشد,04223,42,TIPAZA,تيبازة
1322,KOLEA,القليعة,04224,42,TIPAZA,تيبازة
1323,ATTATBA,الحطاطبة,04225,42,TIPAZA,تيبازة
1324,SIDI SEMIANE,سيدي سميان,04226,42,TIPAZA,تيبازة
1325,BENI MILEUK,بني ميلك,04227,42,TIPAZA,تيبازة
1326,HADJRET ENNOUS,حجرة النص,04228,42,TIPAZA,تيبازة
1327,MILA,ميلة,04301,43,MILA,ميلة
1328,FERDJIOUA,فرجيوة,04302,43,MILA,ميلة
1329,CHELGHOUM LAID,شلغوم العيد,04303,43,MILA,ميلة
1330,OUED ATHMENIA,وادي العثمانية,04304,43,MILA,ميلة
1331,AIN MELLOUK,عين ملوك,04305,43,MILA,ميلة
1332,TELEGHMA,تلاغمة,04306,43,MILA,ميلة
1333,OUED SEGUEN,وادي سقان,04307,43,MILA,ميلة
1334,TADJENANET,تاجنانت,04308,43,MILA,ميلة
1335,BENYAHIA ABDERRAHMANE,إبن يحيى عبد الرحمن,04309,43,MILA,ميلة
1336,OUED ENDJA,وادي النجاء,04310,43,MILA,ميلة
1337,AHMED RACHEDI,أحمد راشدي,04311,43,MILA,ميلة
1338,OULED KHALOUF,أولاد خلوف,04312,43,MILA,ميلة
1339,TIBERGUENT,تيبرقنت,04313,43,MILA,ميلة
1340,BOUHATEM,بوحاتم,04314,43,MILA,ميلة
1341,ROUACHED,الرواشد,04315,43,MILA,ميلة
1342,TESSALA,تسالة المطاعي,04316,43,MILA,ميلة
1343,GRAREM GOUGA,قرارم قوقة,04317,43,MILA,ميلة
1344,SIDI MEROUANE,سيدي مروان,04318,43,MILA,ميلة
1345,TASSADANE HADDADA,تسادان حدادة,04319,43,MILA,ميلة
1346,DERRAHI BOUSSELAH,دراجي بوصالح,04320,43,MILA,ميلة
1347,MINAR ZARZA,مينار زرزة,04321,43,MILA,ميلة
1348,AMIRA ARRES,عميرة أراس,04322,43,MILA,ميلة
1349,TERRAI BAINEM,ترعي بايبان,04323,43,MILA,ميلة
1350,HAMALA,حمالة,04324,43,MILA,ميلة
1351,AIN TINE,عين التين,04325,43,MILA,ميلة
1352,EL MECHIRA,المشيرة,04326,43,MILA,ميلة
1353,SIDI KHELIFA,سيدي خليفة,04327,43,MILA,ميلة
1354,ZEGHAIA,الزغاية,04328,43,MILA,ميلة
1355,ELAYADI BARBES,العيادي برباس,04329,43,MILA,ميلة
1356,AIN BEIDA HARRICHE,عين البيضاء حريش,04330,43,MILA,ميلة
1357,YAHIA BENIGUECHA,يحيى بني قشة,04331,43,MILA,ميلة
1358,CHIGARA,السيقارة,04332,43,MILA,ميلة
1359,AIN-DEFLA,عين الدفلة,04401,44,AIN DEFLA,عين الدفلة
1360,MILIANA,مليانة,04402,44,AIN DEFLA,عين الدفلة
1361,BOUMEDFAA,بومدفع,04403,44,AIN DEFLA,عين الدفلة
1362,KHEMIS-MILIANA,خميس مليانة,04404,44,AIN DEFLA,عين الدفلة
1363,HAMMAM-RIGHA,حمام ريغة,04405,44,AIN DEFLA,عين الدفلة
1364,ARIB,عريب,04406,44,AIN DEFLA,عين الدفلة
1365,DJELIDA,جليدة,04407,44,AIN DEFLA,عين الدفلة
1366,EL-AMRA,العامرة,04408,44,AIN DEFLA,عين الدفلة
1367,BOURACHED,بوراشد,04409,44,AIN DEFLA,عين الدفلة
1368,EL-ATTAF,العطاف,04410,44,AIN DEFLA,عين الدفلة
1369,EL-ABADIA,العبادية,04411,44,AIN DEFLA,عين الدفلة
1370,DJENDEL,جندل,04412,44,AIN DEFLA,عين الدفلة
1371,OUED CHORFA,وادي الشرفاء,04413,44,AIN DEFLA,عين الدفلة
1372,AIN-LECHIAKH,عين الاشياخ,04414,44,AIN DEFLA,عين الدفلة
1373,OUED DJEMAA,وادي جمعة,04415,44,AIN DEFLA,عين الدفلة
1374,ROUINA,روينة,04416,44,AIN DEFLA,عين الدفلة
1375,ZEDDINE,زدين,04417,44,AIN DEFLA,عين الدفلة
1376,HASSANIA,الحسانية,04418,44,AIN DEFLA,عين الدفلة
1377,BIR-OULD-KHELIFA,بئر ولد خليفة,04419,44,AIN DEFLA,عين الدفلة
1378,AIN-SOLTANE,عين السلطان,04420,44,AIN DEFLA,عين الدفلة
1379,TARIK-IBN-ZIAD,طارق بن زياد,04421,44,AIN DEFLA,عين الدفلة
1380,BORDJ-EMIR-KHALED,برج الأمير خالد,04422,44,AIN DEFLA,عين الدفلة
1381,AIN-TORK,عين الترك,04423,44,AIN DEFLA,عين الدفلة
1382,SIDI-LAKHDAR,سيدي الأخضر,04424,44,AIN DEFLA,عين الدفلة
1383,BEN ALLAL,إبن علال,04425,44,AIN DEFLA,عين الدفلة
1384,AIN-BENIAN,عين البنيان,04426,44,AIN DEFLA,عين الدفلة
1385,HOCEINIA,الحسينية,04427,44,AIN DEFLA,عين الدفلة
1386,BARBOUCHE,بربوش,04428,44,AIN DEFLA,عين الدفلة
1387,DJEMAA OULED CHEIKH,جمعة أولاد الشيخ,04429,44,AIN DEFLA,عين الدفلة
1388,MEKHATRIA,المخاطرية,04430,44,AIN DEFLA,عين الدفلة
1389,BATHIA,بطحية,04431,44,AIN DEFLA,عين الدفلة
1390,TACHETA ZEGAGHA,تاشتة زقاغة,04432,44,AIN DEFLA,عين الدفلة
1391,AIN-BOUYAHIA,عين بويحيى,04433,44,AIN DEFLA,عين الدفلة
1392,EL-MAINE,الماين,04434,44,AIN DEFLA,عين الدفلة
1393,TIBERKANINE,تبركانين,04435,44,AIN DEFLA,عين الدفلة
1394,BELAAS,بالعاص,04436,44,AIN DEFLA,عين الدفلة
1395,NAAMA,النعامة,04501,45,NAAMA,النعامة
1396,MECHERIA,مشرية,04502,45,NAAMA,النعامة
1397,AIN SAFRA,عين الصفراء,04503,45,NAAMA,النعامة
1398,TIOUT,تيوت,04504,45,NAAMA,النعامة
1399,SFISSIFA,سفيسيفة,04505,45,NAAMA,النعامة
1400,MOGHRAR,مغرار,04506,45,NAAMA,النعامة
1401,ASSELA,عسلة,04507,45,NAAMA,النعامة
1402,DJENIANE BOURZEG,جنين بورزق,04508,45,NAAMA,النعامة
1403,AIN BEN KHELIL,عين بن خليل,04509,45,NAAMA,النعامة
1404,MAKMAN BEN AMER,مكمن بن عمرو,04510,45,NAAMA,النعامة
1405,KASDIR,قصدير,04511,45,NAAMA,النعامة
1406,EL BIOD,البيوض,04512,45,NAAMA,النعامة
1407,AIN TEMOUCHENT,عين تيموشنت,04601,46,AIN TEMOUCHENT,عين تيموشنت
1408,CHAABAT EL HAM,شعبة اللحم,04602,46,AIN TEMOUCHENT,عين تيموشنت
1409,AIN KIHAL,عين الكحيل,04603,46,AIN TEMOUCHENT,عين تيموشنت
1410,HAMMAM BOUHADJAR,حملم بوحجر,04604,46,AIN TEMOUCHENT,عين تيموشنت
1411,BOUZEDJAR,بوزجار,04605,46,AIN TEMOUCHENT,عين تيموشنت
1412,OUED BERKECHE,وادي برقش,04606,46,AIN TEMOUCHENT,عين تيموشنت
1413,AGHLAL,أغلال,04607,46,AIN TEMOUCHENT,عين تيموشنت
1414,TERGA,تارقة,04608,46,AIN TEMOUCHENT,عين تيموشنت
1415,AIN EL ARBAA,عين الأربعاء,04609,46,AIN TEMOUCHENT,عين تيموشنت
1416,TAMZOURA,تامزورة,04610,46,AIN TEMOUCHENT,عين تيموشنت
1417,CHENTOUF,شنتوف,04611,46,AIN TEMOUCHENT,عين تيموشنت
1418,SIDI BEN ADDA,سيدي بن عدة,04612,46,AIN TEMOUCHENT,عين تيموشنت
1419,AOUBELLIL,عقب الليل,04613,46,AIN TEMOUCHENT,عين تيموشنت
1420,EL MALAH,المالح,04614,46,AIN TEMOUCHENT,عين تيموشنت
1421,SIDI BOUMEDIENE,سيدي بومدين,04615,46,AIN TEMOUCHENT,عين تيموشنت
1422,OUED SEBBAH,وادي الصباح,04616,46,AIN TEMOUCHENT,عين تيموشنت
1423,OULED BOUDJEMAA,أولاد بوجمعة,04617,46,AIN TEMOUCHENT,عين تيموشنت
1424,AIN TOLBA,عين الطلبة,04618,46,AIN TEMOUCHENT,عين تيموشنت
1425,EL AMRIA,العامرية,04619,46,AIN TEMOUCHENT,عين تيموشنت
1426,HASSI EL GHELLA,حاسي الغلة,04620,46,AIN TEMOUCHENT,عين تيموشنت
1427,HASSASNA,الحساسنة,04621,46,AIN TEMOUCHENT,عين تيموشنت
1428,OULED KIHAL,أولاد كحيل,04622,46,AIN TEMOUCHENT,عين تيموشنت
1429,BENI SAF,بني صاف,04623,46,AIN TEMOUCHENT,عين تيموشنت
1430,SIDI SAFI,سيدي الصافي,04624,46,AIN TEMOUCHENT,عين تيموشنت
1431,OULHACA EL GHERABA,ولهاصة الغرابة,04625,46,AIN TEMOUCHENT,عين تيموشنت
1432,SIDI OURIACHE,سيدي أورياش,04626,46,AIN TEMOUCHENT,عين تيموشنت
1433,EMIR ABDELKADER,الأمير عبد القادر,04627,46,AIN TEMOUCHENT,عين تيموشنت
1434,EL MESSAID,المساعيد,04628,46,AIN TEMOUCHENT,عين تيموشنت
1435,GHARDAIA,غرداية,04701,47,GHARDAIA,غرداية
1436,DHAYET BENDHAHOUA,ضاية بن ضحوة,04703,47,GHARDAIA,غرداية
1437,BERRIANE,بريان,04704,47,GHARDAIA,غرداية
1438,METLILI,منليلي,04705,47,GHARDAIA,غرداية
1439,EL GUERRARA,القرارة,04706,47,GHARDAIA,غرداية
1440,EL ATTEUF,العطف,04707,47,GHARDAIA,غرداية
1441,ZELFANA,رلفانة,04708,47,GHARDAIA,غرداية
1442,SEBSEB,سبسب,04709,47,GHARDAIA,غرداية
1443,BOUNOURA,بونورة,04710,47,GHARDAIA,غرداية
1444,MANSOURA,المنصورة,04713,47,GHARDAIA,غرداية
1445,RELIZANE,غليزان,04801,48,RELIZANE,غليزان
1446,OUED-RHIOU,وادي رهيو,04802,48,RELIZANE,غليزان
1447,BELAASSEL BOUZAGZA,بلعسل بوزقزة,04803,48,RELIZANE,غليزان
1448,SIDI SAADA,سيدي سعادة,04804,48,RELIZANE,غليزان
1449,OULED AICHE,أولاد عيش,04805,48,RELIZANE,غليزان
1450,SIDI LAZREG,سيدي لزرق,04806,48,RELIZANE,غليزان
1451,EL H'MADNA,الحمادنة,04807,48,RELIZANE,غليزان
1452,SIDI M'HAMED BENALI,سيدي أحمد بن علي,04808,48,RELIZANE,غليزان
1453,MEDIOUNA,مديونة,04809,48,RELIZANE,غليزان
1454,SIDI KHETTAB,سيدي خطاب,04810,48,RELIZANE,غليزان
1455,AMMI MOUSSA,عمي موسى,04811,48,RELIZANE,غليزان
1456,ZEMMOURA,زمورة,04812,48,RELIZANE,غليزان
1457,BENI DERGOUN,بني درقون,04813,48,RELIZANE,غليزان
1458,DJIDIOUIA,جديوية,04814,48,RELIZANE,غليزان
1459,EL-GUETTAR,القطار,04815,48,RELIZANE,غليزان
1460,HAMRI,الحمري,04816,48,RELIZANE,غليزان
1461,EL-MATMAR,المطمر,04817,48,RELIZANE,غليزان
1462,SIDI M'HAMED BENAOUDA,سيدي امحمد بن عودة,04818,48,RELIZANE,غليزان
1463,AIN-TAREK,عين طارق,04819,48,RELIZANE,غليزان
1464,OUED ESSALEM,وادي السلام,04820,48,RELIZANE,غليزان
1465,OUARIZANE,ورزان,04821,48,RELIZANE,غليزان
1466,MAZOUNA,مازونة,04822,48,RELIZANE,غليزان
1467,KALAA,القلعة,04823,48,RELIZANE,غليزان
1468,AIN RAHMA,عين الرحمة,04824,48,RELIZANE,غليزان
1469,YELLEL,يلل,04825,48,RELIZANE,غليزان
1470,OUED EL DJEMAA,وادي الجمعة,04826,48,RELIZANE,غليزان
1471,RAMKA,رمقة,04827,48,RELIZANE,غليزان
1472,MENDES,منداس,04828,48,RELIZANE,غليزان
1473,LAHLEF,الأحلاف,04829,48,RELIZANE,غليزان
1474,BENI ZENTIS,بني زنطيس,04830,48,RELIZANE,غليزان
1475,SOUK EL HAD,سوق الأحد,04831,48,RELIZANE,غليزان
1476,DAR BEN ABDELAH,دار بن عبد الله,04832,48,RELIZANE,غليزان
1477,EL HASSI,الحاسي,04833,48,RELIZANE,غليزان
1478,HAD ECHKALLA,حد الشكالة,04834,48,RELIZANE,غليزان
1479,BENDAOUD,بن داود,04835,48,RELIZANE,غليزان
1480,EL OULDJA,الولجة,04836,48,RELIZANE,غليزان
1481,MERDJA SIDI ABED,مرجة سيدي عابد,04837,48,RELIZANE,غليزان
1482,OULED SIDI MIHOUB,أولاد سيدي ميهوب,04838,48,RELIZANE,غليزان
1483,TIMIMOUN,تيميمون,04901,49,TIMIMOUN,تيميمون
1484,CHAROUINE,شروين,04902,49,TIMIMOUN,تيميمون
1485,KSAR KADDOUR,قصر قدور,04903,49,TIMIMOUN,تيميمون
1486,OULED SAID,أولاد سعيد,04904,49,TIMIMOUN,تيميمون
1487,TINERKOUK,تينركوك,04905,49,TIMIMOUN,تيميمون
1488,DELDOUL,دلدول,04906,49,TIMIMOUN,تيميمون
1489,METARFA,المطارفة,04907,49,TIMIMOUN,تيميمون
1490,AOUGROUT,أوقروت,04908,49,TIMIMOUN,تيميمون
1491,TALMINE,طلمين,04909,49,TIMIMOUN,تيميمون
1492,OULED AISSA,أولاد عيسى,04910,49,TIMIMOUN,تيميمون
1493,BORDJ BADJI MOKHTAR,برج باجي مختار,05001,50,BORDJ BADJI MOKHTAR,برج باجي مختار
1494,TIMIAOUINE,تيمياوين,05002,50,BORDJ BADJI MOKHTAR,برج باجي مختار
1495,OULED DJELLAL,أولاد جلال,05101,51,OULED DJELLAL,أولاد جلال
1496,SIDI KHALED,سيدي خالد,05102,51,OULED DJELLAL,أولاد جلال
1497,RAS EL MIAD,رأس الميعاد,05103,51,OULED DJELLAL,أولاد جلال
1498,BESBES,بسباس,05104,51,OULED DJELLAL,أولاد جلال
1499,CHAIBA,الشعيبة,05105,51,OULED DJELLAL,أولاد جلال
1500,DOUCEN,الدوسن,05106,51,OULED DJELLAL,أولاد جلال
1501,BENI ABBES,بني عباس,05201,52,BENI ABBES,بني عباس
1502,TAMTERT,تامترت,05202,52,BENI ABBES,بني عباس
1503,KERZAZ,كرزاز,05203,52,BENI ABBES,بني عباس
1504,TIMOUDI,تيمودي,05204,52,BENI ABBES,بني عباس
1505,BENI IKHLEF,بني يخلف,05205,52,BENI ABBES,بني عباس
1506,EL OUATA,الوطاء,05206,52,BENI ABBES,بني عباس
1507,TABELBALA,تبلبالة,05207,52,BENI ABBES,بني عباس
1508,OULED KHOUDIR,أولاد خضير,05208,52,BENI ABBES,بني عباس
1509,KSABI,قصابي,05209,52,BENI ABBES,بني عباس
1510,IGLI,إيقلي,05210,52,BENI ABBES,بني عباس
1511,IN SALAH,عين صالح,05301,53,IN SALAH,عين صالح
1512,IN GHAR,إنغر,05302,53,IN SALAH,عين صالح
1513,FOGGARET AZZAOUIA,فقارة الزوا,05303,53,IN SALAH,عين صالح
1514,IN GUEZZAM,عين قزام,05401,54,IN GUEZZAM,عين قزام
1515,TIN ZOUATINE,تينزواتين,05402,54,IN GUEZZAM,عين قزام
1516,TOUGGOURT,توقرت,05501,55,TOUGGOURT,تقرت
1517,NEZLA,النزلة,05502,55,TOUGGOURT,تقرت
1518,TEBESBEST,تبسبست,05503,55,TOUGGOURT,تقرت
1519,ZAOUIA EL ABIDIA,الزاوية العابدية,05504,55,TOUGGOURT,تقرت
1520,TEMACINE,تماسين,05505,55,TOUGGOURT,تقرت
1521,BLIDET AMOR,بلدية عامر,05506,55,TOUGGOURT,تقرت
1522,MEGARINE,المقارين,05507,55,TOUGGOURT,تقرت
1523,M'NAGUER,المنقر,05508,55,TOUGGOURT,تقرت
1524,TAIBET,الطيبات,05509,55,TOUGGOURT,تقرت
1525,BENACEUR,بن ناصر,05510,55,TOUGGOURT,تقرت
1526,SIDI SLIMANE,سيدي سليمان,05511,55,TOUGGOURT,تقرت
1527,EL-HADJIRA,الحجيرة,05512,55,TOUGGOURT,تقرت
1528,EL ALIA,العالية,05513,55,TOUGGOURT,تقرت
1529,DJANET,جانت,05601,56,DJANET,جانت
1530,BORDJ EL HAOUASSE,برج الحواس,05602,56,DJANET,جانت
1531,EL-M'GHAIR,المغير,05701,57,EL M’GHAIR,المغير
1532,OUM TOUYOUR,أم الطيور,05702,57,EL M’GHAIR,المغير
1533,STILL,سطيل,05703,57,EL M’GHAIR,المغير
1534,SIDI KHELIL,سيدي خليل,05704,57,EL M’GHAIR,المغير
1535,DJAMAA,جامعة,05705,57,EL M’GHAIR,المغير
1536,SIDI AMRANE,سيدي عمران,05706,57,EL M’GHAIR,المغير
1537,TENEDLA,تندلة,05707,57,EL M’GHAIR,المغير
1538,M'RARA,مرارة,05708,57,EL M’GHAIR,المغير
1539,EL MENIAA,المنيعة,05801,58,EL MENIAA,المنيعة
1540,HASSI GARA,حاسي القارة,05802,58,EL MENIAA,المنيعة
1541,HASSI FEHAL,حاسي الفحل,05803,58,EL MENIAA,المنيعة
